{
    "type": "object",
    "description": "Импорт на партиди за РАС Служебен, чрез JSON файл",
    "required": [
        "scientists"
    ],
    "properties": {
        "scientists": {
            "type": "array",
            "description": "Колекция от учени",
            "default": [],
            "items": {
                "type": "object",
                "description": "Учен",
                "default": {},
                "required": [
                    "lotNumber"
                ],
                "properties": {
                    "lotNumber": {
                        "type": "integer",
                        "description": "Номер на партидата на учения.",
                        "default": null,
                    },
                    "person": {
                        "type": "object",
                        "description": "Основни данни за учения.",
                        "default": {},
                        "required": [
                            "state",
                            "firstName",
                            "middleName",
                            "lastName",
                            "firstNameAlt",
                            "middleNameAlt",
                            "lastNameAlt",
                            "name",
                            "birthDate",
                            "type",
                            "country",
                            "uin"
                        ],
                        "properties": {
                            "state": {
                                "description": "Статус (3-Модификация/Нов, 6-Заличаване, 4-Без промяна)",
								"type": "integer",
								"default": 4
                            },
                            "firstName": {
                                "type": "string",
                                "description": "Първо име.",
                                "default": ""
                            },
                            "middleName": {
                                "type": "string",
                                "description": "Второ име.",
                                "default": ""
                            },
                            "lastName": {
                                "type": "string",
                                "description": "Фамилия"
                                "default": ""
                            },
                            "firstNameAlt": {
                                "type": "string",
                                "description": "Първо име - английски.",
                                "default": ""
                            },
                            "middleNameAlt": {
                                "type": "string",
                                "description": "Второ име - английски.",
                                "default": ""
                            },
                            "lastNameAlt": {
                                "type": "string",
                                "description": "Фамилия - английски.",
                                "default": ""
                            },
                            "name": {
                                "type": "string",
                                "description": "Цяло име.",
                                "default": ""
                            },
                            "birthDate": {
                                "type": "string",
                                "description": "Дата на раждане.",
                                "default": "",
                                "examples": [
                                    "1988-08-26T08:00:00"
                                ]
                            },
                            "type": {
                                "type": "enum",
                                "description": "Гражданство: 1-Българин, 2-Чужденец.",
                                "default": null
                            },
                            "country": {
                                "type": "object",
                                "description": "Държава.",
                                "default": {},
                                "properties": {
                                    "nameAlt": {
                                        "type": "string",
                                        "description": "Наименование - английски. Информативно поле",
                                        "default": ""
                                    },
                                    "code": {
                                        "type": "string",
                                        "description": "Код на държава: смяната на референцията към конкретна държава се осъществява, чрез кода.",
                                        "default": ""
                                    },
                                    "name": {
                                        "type": "string",
                                        "description": "Наименование. Информативно поле.",
                                        "default": ""
                                    }
                                }
                            },
                            "secondCitizenship": {
                                "type": "object",
                                "description": "Второ гражданство.",
                                "default": {},
                                "properties": {
                                    "nameAlt": {
                                        "type": "string",
                                        "description": "Наименование - английски. Информативно поле",
                                        "default": ""
                                    },
                                    "code": {
                                        "type": "string",
                                        "description": "Код на държава: смяната на референцията към конкретна държава се осъществява, чрез кода.",
                                        "default": ""
                                    },
                                    "name": {
                                        "type": "string",
                                        "description": "Наименование. Информативно поле.",
                                        "default": ""
                                    }
                                }
                            },
                            "uin": {
                                "type": "string",
                                "description": "ЕГН/ЛНЧ.",
                                "default": ""
                            },
                            "isRasOfficial": {
                                "type": "boolean",
                                "description": "Учения участва в Служебен РАС.",
                                "default": null
                            },
                            "personIdns": {
                                "type": "array",
                                "description": "Колекция от ИДН-та.",
                                "default": [],
                                "items": {
                                    "type": "object",
                                    "description": "ИДН.",
                                    "default": {},
                                    "required": [
                                        "institution",
                                        "idnNumber"
                                    ],
                                    "properties": {
                                        "institution": {
                                            "type": "object",
                                            "description": "Институция.",
                                            "default": {},
                                            "required": [
                                                "lotNumber"
                                            ],
                                            "properties": {
                                                "nameAlt": {
                                                    "type": "string",
                                                    "description": "Наименование - английски. Информативно поле.",
                                                    "default": ""
                                                },
                                                "lotNumber": {
                                                    "type": "integer",
                                                    "description": "Номер на партида на институцията: смяната на референцията към конкретна институция се осъществява, чрез номера на партидата.",
                                                    "default": null
                                                },
                                                "name": {
                                                    "type": "string",
                                                    "description": "Наименование. Информативно поле.",
                                                    "default": ""
                                                }
                                            }
                                        },
                                        "idnNumber": {
                                            "type": "string",
                                            "description": "Номер даден от институцията.",
                                            "default": ""
                                        }
                                    }
                                }
                            }
                        }
                    },
                    "administrativePositions": {
                        "type": "array",
                        "description": "Колекция от административни длъжности на учения.",
                        "default": [],
                        "items": {
                            "type": "object",
                            "description": "Административна длъжност.",
                            "default": {},
                            "required": [
                                "initialPartId",
                                "state",
                                "fromDate",
                                "contractNumber",
                                "institution",
                                "position",
                                "contractType",
                                "appointmentActNumber",
                                "appointmentActDate"
                            ],
                            "properties": {
                                "initialPartId": {
                                    "type": "integer",
                                    "description": "Идентификациония номер на елемента от обстоятеслтвото (не се въвежда за нов)",
                                    "default": null
                                },
                                "state": {
                                    "description": "Статус (3-Модификация/Нов, 6-Заличаване, 4-Без промяна)",
									"type": "number",
									"default": 4
                                },
                                "fromDate": {
                                    "type": "string",
                                    "description": "В сила - от дата.",
                                    "default": "",
                                    "examples": [
                                        "2020-03-02T00:00:00"
                                    ]
                                },
                                "toDate": {
                                    "type": "string",
                                    "description": "В сила - до дата.",
                                    "default": "",
                                    "examples": [
                                        "2021-07-08T00:00:00"
                                    ]
                                },
                                "contractNumber": {
                                    "type": "integer",
                                    "description": "Пореден № трудов договор.",
                                    "default": null
                                },
                                "institution": {
                                    "type": "object",
                                    "description": "Институция.",
                                    "default": {},
                                    "required": [
                                        "lotNumber"
                                    ],
                                    "properties": {
                                        "nameAlt": {
                                            "type": "string",
                                            "description": "Наименование - английски. Информативно поле.",
                                            "default": ""
										},
										"lotNumber": {
											"type": "integer",
											"description": "Номер на партида на институцията: смяната на референцията към конкретна институция се осъществява, чрез номера на партидата.",
											"default": null
										},
										"name": {
											"type": "string",
											"description": "Наименование. Информативно поле.",
											"default": ""
										}
									}
                                },
                                "institutionByParent": {
                                    "type": "object",
                                    "description": "Факултет към институцията.",
                                    "default": {},
                                    "required": [
                                        "lotNumber"
                                    ],
                                    "properties": {
                                        "nameAlt": {
                                            "type": "string",
                                            "description": "Наименование - английски. Информативно поле.",
                                            "default": ""
										},
										"lotNumber": {
											"type": "integer",
											"description": "Номер на партида на факултета: смяната на референцията към конкретен факултет се осъществява, чрез номера на партидата.",
											"default": null
										},
										"name": {
											"type": "string",
											"description": "Наименование. Информативно поле.",
											"default": ""
										}
									}
                                },
                                "department": {
                                    "type": "object",
                                    "description": "Катедра към факултета.",
                                    "default": {},
                                    "required": [
                                        "lotNumber"
                                    ],
                                    "properties": {
                                        "nameAlt": {
                                            "type": "string",
                                            "description": "Наименование - английски. Информативно поле.",
                                            "default": ""
										},
										"lotNumber": {
											"type": "integer",
											"description": "Номер на партида на катедра: смяната на референцията към конкретна катедра се осъществява, чрез номера на партидата.",
											"default": null
										},
										"name": {
											"type": "string",
											"description": "Наименование. Информативно поле.",
											"default": ""
										}
									}
                                },
                                "position": {
                                    "type": "object",
                                    "description": "Административна длъжност.",
                                    "default": {},
                                    "required": [
                                        "code"
                                    ],
                                    "properties": {
                                        "nameAlt": {
                                            "type": "string",
                                            "description": "Наименование - английски. Информативно поле.",
                                            "default": ""
                                        },
                                        "code": {
                                            "type": "string",
                                            "description": "Код по НКПД: смяната на референцията към конкретна длъжност се осъществява, чрез номера на НКПД",
                                            "default": "",
                                            "examples": [
                                                "13459008"
                                            ]
                                        },
                                        "name": {
                                            "type": "string",
                                            "description": "Наименование. Информативно поле.",
                                            "default": ""
                                        }
                                    }
                                },
                                "contractType": {
                                    "type": "object",
                                    "description": "Вид договор.",
                                    "default": {},
                                    "required": [
                                        "id"
                                    ],
                                    "properties": {
                                        "name": {
                                            "type": "string",
                                            "description": "Наименование. Информативно поле.",
                                            "default": ""
                                        },
                                        "id": {
                                            "type": "integer",
                                            "description": "Идентификационен номер на договора.",
                                            "default": null
                                        },
                                        "nameAlt": {
                                            "type": "string",
                                            "description": "Наименование - английски. Информативно поле.",
                                            "default": ""
                                        }
                                    }
                                },
                                "appointmentActNumber": {
                                    "type": "string",
                                    "description": "Номер на акт на назначение.",
                                    "default": ""
                                },
                                "appointmentActDate": {
                                    "type": "string",
                                    "description": "Дата на акт на назначение.",
                                    "default": "",
                                    "examples": [
                                        "2020-03-06T00:00:00"
                                    ]
                                },
                                "note": {
                                    "type": "string",
                                    "description": "Бележка.",
                                    "default": ""
                                },
                                "externalId": {
                                    "type": "integer",
                                    "description": "Вашето Id: След импорт ще се върне файл със съответващото initialPartId <=> externalId.",
                                    "default": null
                                }
                            }
                        }
                    },
                    "assignmentPositions": {
                        "type": "array",
                        "description": "Академични/Преподавателски длъжности.",
						"default": [],
                        "items": {
                            "type": "object",
                            "description": "Академична/Преподавателска длъжност.",
                            "default": {},
                            "required": [
                                "state",
                                "year",
                                "semester",
                                "contractNumber",
                                "institution",
                                "position",
                                "contractType",
                            ],
                            "properties": {
                                "initialPartId": {
                                    "type": "integer",
                                    "description": "Идентификациония номер на елемента от обстоятеслтвото (не се въвежда за нов)",
                                    "default": null
                                },
                                "state": {
                                    "description": "Статус (3-Модификация/Нов, 6-Заличаване, 4-Без промяна)",
									"type": "number",
									"default": 4
                                },
                                "year": {
                                    "type": "integer",
                                    "description": "Начална година.",
                                    "default": null
                                },
                                "semester": {
                                    "type": "enum",
                                    "description": "Семестър: 1 - първи, 2 - втори.",
                                    "default": null
                                },
                                "contractNumber": {
                                    "type": "integer",
                                    "description": "Пореден № ТД.",
                                    "default": null
                                },
                                "institution": {
                                    "type": "object",
                                    "description": "Институция.",
                                    "default": {},
                                    "required": [
                                        "lotNumber"
                                    ],
                                    "properties": {
                                        "nameAlt": {
                                            "type": "string",
                                            "description": "Наименование - английски. Информативно поле.",
                                            "default": ""
										},
										"lotNumber": {
											"type": "integer",
											"description": "Номер на партида на институцията: смяната на референцията към конкретна институция се осъществява, чрез номера на партидата.",
											"default": null
										},
										"name": {
											"type": "string",
											"description": "Наименование. Информативно поле.",
											"default": ""
										}
									}
                                },
                                "institutionByParent": {
                                    "type": "object",
                                    "description": "Факултет към институцията.",
                                    "default": {},
                                    "required": [
                                        "lotNumber"
                                    ],
                                    "properties": {
                                        "nameAlt": {
                                            "type": "string",
                                            "description": "Наименование - английски. Информативно поле.",
                                            "default": ""
										},
										"lotNumber": {
											"type": "integer",
											"description": "Номер на партида на факултета: смяната на референцията към конкретен факултет се осъществява, чрез номера на партидата.",
											"default": null
										},
										"name": {
											"type": "string",
											"description": "Наименование. Информативно поле.",
											"default": ""
										}
									}
                                },
                                "department": {
                                    "type": "object",
                                    "description": "Катедра към факултета.",
                                    "default": {},
                                    "required": [
                                        "lotNumber"
                                    ],
                                    "properties": {
                                        "nameAlt": {
                                            "type": "string",
                                            "description": "Наименование - английски. Информативно поле.",
                                            "default": ""
										},
										"lotNumber": {
											"type": "integer",
											"description": "Номер на партида на катедра: смяната на референцията към конкретна катедра се осъществява, чрез номера на партидата.",
											"default": null
										},
										"name": {
											"type": "string",
											"description": "Наименование. Информативно поле.",
											"default": ""
										}
									}
                                },
                                "position": {
                                    "type": "object",
                                    "description": "Академична/Преподавателска длъжност.",
                                    "default": {},
                                    "required": [
                                        "code"
                                    ],
                                    "properties": {
                                        "nameAlt": {
                                            "type": "string",
                                            "description": "Наименование - английски. Информативно поле.",
                                            "default": ""
                                        },
                                        "code": {
                                            "type": "string",
                                            "description": "Код по НКПД: смяната на референцията към конкретна длъжност се осъществява, чрез номера на НКПД",
                                            "default": "",
                                            "examples": [
                                                "23107005"
                                            ]
                                        },
                                        "name": {
                                            "type": "string",
                                            "description": "Наименование. Информативно поле.",
                                            "default": ""
                                        }
                                    }
                                },
                                "annualRate": {
                                    "type": "decimal",
                                    "description": "Задължителна годишна норма.",
                                    "default": null
                                },
                                "assignedHours": {
                                    "type": "decimal",
                                    "description": "Реално изпълнени часове за семестър.",
                                    "default": null
                                },
                                "predictionAssignedHours": {
                                    "type": "decimal",
                                    "description": "Прогнозна стойност часове за семестър.",
                                    "default": null
                                },
                                "contractType": {
                                    "type": "object",
                                    "description": "Вид договор.",
                                    "default": {},
                                    "required": [
                                        "id"
                                    ],
                                    "properties": {
                                        "name": {
                                            "type": "string",
                                            "description": "Наименование. Информативно поле.",
                                            "default": ""
                                        },
                                        "id": {
                                            "type": "integer",
                                            "description": "Идентификационен номер на договора.",
                                            "default": null
                                        },
                                        "nameAlt": {
                                            "type": "string",
                                            "description": "Наименование - английски. Информативно поле.",
                                            "default": ""
                                        }
                                    }
                                },
                                "academicStaffType": {
                                    "type": "enum",
                                    "description": "Статус на академичния състав: 1 - дългосрочен отпуск, 2 - български учен, 3 - чуждестранен гост-учен, 4 - чуждестранен учен",
                                    "default": null
                                },
                                "workType": {
                                    "type": "enum",
                                    "description": "Заетост: 1 - пълно работно време, 2 - непълно работно време.",
                                    "default": null
                                },
                                "appointmentActNumber": {
                                    "type": "string",
                                    "description": "Номер на акт на назначение.",
                                    "default": ""
                                },
                                "appointmentActDate": {
                                    "type": "string",
                                    "description": "Дата на акт на назначение.",
                                    "default": ""
                                },
                                "note": {
                                    "type": "string",
                                    "description": "Бележка.",
                                    "default": ""
                                },
                                "assignmentPositionSpecialities": {
                                    "type": "array",
                                    "description": "Длъжност - Специалности.",
                                    "default": [],
                                    "items": {
                                        "type": "object",
                                        "description": "Длъжност - Специалност.",
                                        "default": {},
                                        "required": [
                                            "speciality"
                                        ],
                                        "properties": {
                                            "speciality": {
                                                "type": "object",
                                                "description": "Специалност.",
                                                "default": {},
                                                "required": [
                                                    "id"
                                                ],
                                                "properties": {
                                                    "duration": {
                                                        "type": "integer",
                                                        "description": "Продължителност на обучението. Информативно поле.",
                                                        "default": null
                                                    },
                                                    "isAccredited": {
                                                        "type": "boolean",
                                                        "description": "Акредитирана. Информативно поле.",
                                                        "default": true
                                                    },
                                                    "isRegulated": {
                                                        "type": "boolean",
                                                        "description": "Регулирана професия. Информативно поле.",
                                                        "default": false
                                                    },
                                                    "isForCadets": {
                                                        "type": "boolean",
                                                        "description": "За курсанти/офицери. Информативно поле.",
                                                        "default": false
                                                    },
                                                    "name": {
                                                        "type": "string",
                                                        "description": "Наименование на специалността. Информативно поле.",
                                                        "default": ""
                                                    },
                                                    "isActive": {
                                                        "type": "boolean",
                                                        "description": "Активна. Информативно поле.",
                                                        "default": true
                                                    },
                                                    "id": {
                                                        "type": "integer",
                                                        "description": "Идентификационен номер на специалността. Добавянето на специалност, към длъжност става, чрез този номер.",
                                                        "default": null
                                                    },
                                                    "nameAlt": {
                                                        "type": "string",
                                                        "description": "Наименование на специалността - на английски. Информативно поле.",
                                                        "default": ""
                                                    },
                                                    "educationalFormName": {
                                                        "type": "string",
                                                        "description": "Форма на обучение. Информативно поле.",
                                                        "default": ""
                                                    },
                                                    "educationalQualificationName": {
                                                        "type": "string",
                                                        "description": "ОКС/ОНС. Информативно поле.",
                                                        "default": ""
                                                    },
                                                    "nsiRegionName": {
                                                        "type": "string",
                                                        "description": "Детайлна област на образованието спрямо КОО 2015. Информативно поле.",
                                                        "default": ""
                                                    },
                                                    "nationalStatisticalInstituteName": {
                                                        "type": "string",
                                                        "description": "Специалност спрямо КОО 2015. Информативно поле.",
                                                        "default": ""
                                                    },
                                                    "researchAreaCode": {
                                                        "type": "string",
                                                        "description": "Код на професионално направление. Информативно поле.",
                                                        "default": ""
                                                    },
                                                    "researchAreaName": {
                                                        "type": "string",
                                                        "description": "Наименование на професионалното направление. Информативно поле.",
                                                        "default": ""
                                                    }
                                                }
                                            }
                                        }
                                    }
                                },
                                "assignmentPositionResearchAreas": {
                                    "type": "array",
                                    "description": "Длъжност - Професионални направления.",
                                    "default": [],
                                    "items": {
                                        "type": "object",
                                        "description": "Длъжност - Професионално направление.",
                                        "default": {},
                                        "properties": {
                                            "researchArea": {
                                                "type": "object",
                                                "description": "Професионално направление.",
                                                "default": {},
                                                "required": [
                                                    "code"
                                                ],
                                                "properties": {
                                                    "nameAlt": {
                                                        "type": "string",
                                                        "description": "Наименование на професионалното направление - на английски. Информативно поле.",
                                                        "default": ""
                                                    },
                                                    "code": {
                                                        "type": "string",
                                                        "description": "Код на професионалното направление. Добавянето на професионално направление се осъществява, чрез него.",
                                                        "default": ""
                                                    },
                                                    "name": {
                                                        "type": "string",
                                                        "description": "Наименование на професионалното направление. Информативно поле.",
                                                        "default": ""
                                                    }
                                                }
                                            }
                                        }
                                    }
                                },
                                "externalId": {
                                    "type": "integer",
                                    "description": "Вашето Id: След импорт ще се върне файл със съответващото initialPartId <=> externalId.",
                                    "default": null
                                }
                            }
                        }
                    }
                }
            }
        }
    }
}