{
    "type": "object",
    "description": "Импорт на партиди за РАС, чрез JSON файл",
    "required": [
        "scientists"
    ],
    "properties": {
        "scientists": {
            "type": "array",
            "description": "Колекция от учени",
            "default": [],
            "items": {
                "type": "object",
                "description": "Учен",
                "default": {},
                "required": [
                    "lotNumber"
                ],
                "properties": {
                    "lotNumber": {
                        "type": "integer",
                        "description": "Номер на партидата на учения.",
                        "default": null,
                    },
                    "person": {
                        "type": "object",
                        "description": "Основни данни за учения.",
                        "default": {},
                        "required": [
                            "state",
                            "firstName",
                            "middleName",
                            "lastName",
                            "firstNameAlt",
                            "middleNameAlt",
                            "lastNameAlt",
                            "name",
                            "birthDate",
                            "type",
                            "country",
                            "uin"
                        ],
                        "properties": {
                            "state": {
                                "description": "Статус (3-Модификация/Нов, 6-Заличаване, 4-Без промяна)",
								"type": "integer",
								"default": 4
                            },
                            "firstName": {
                                "type": "string",
                                "description": "Първо име.",
                                "default": ""
                            },
                            "middleName": {
                                "type": "string",
                                "description": "Второ име.",
                                "default": ""
                            },
                            "lastName": {
                                "type": "string",
                                "description": "Фамилия"
                                "default": ""
                            },
                            "firstNameAlt": {
                                "type": "string",
                                "description": "Първо име - английски.",
                                "default": ""
                            },
                            "middleNameAlt": {
                                "type": "string",
                                "description": "Второ име - английски.",
                                "default": ""
                            },
                            "lastNameAlt": {
                                "type": "string",
                                "description": "Фамилия - английски.",
                                "default": ""
                            },
                            "name": {
                                "type": "string",
                                "description": "Цяло име.",
                                "default": ""
                            },
                            "birthDate": {
                                "type": "string",
                                "description": "Дата на раждане.",
                                "default": "",
                                "examples": [
                                    "1988-08-26T08:00:00"
                                ]
                            },
                            "type": {
                                "type": "enum",
                                "description": "Гражданство: 1-Българин, 2-Чужденец.",
                                "default": null
                            },
                            "country": {
                                "type": "object",
                                "description": "Държава.",
                                "default": {},
                                "properties": {
                                    "nameAlt": {
                                        "type": "string",
                                        "description": "Наименование - английски. Информативно поле",
                                        "default": ""
                                    },
                                    "code": {
                                        "type": "string",
                                        "description": "Код на държава: смяната на референцията към конкретна държава се осъществява, чрез кода.",
                                        "default": ""
                                    },
                                    "name": {
                                        "type": "string",
                                        "description": "Наименование. Информативно поле.",
                                        "default": ""
                                    }
                                }
                            },
                            "secondCitizenship": {
                                "type": "object",
                                "description": "Второ гражданство.",
                                "default": {},
                                "properties": {
                                    "nameAlt": {
                                        "type": "string",
                                        "description": "Наименование - английски. Информативно поле",
                                        "default": ""
                                    },
                                    "code": {
                                        "type": "string",
                                        "description": "Код на държава: смяната на референцията към конкретна държава се осъществява, чрез кода.",
                                        "default": ""
                                    },
                                    "name": {
                                        "type": "string",
                                        "description": "Наименование. Информативно поле.",
                                        "default": ""
                                    }
                                }
                            },
                            "uin": {
                                "type": "string",
                                "description": "ЕГН/ЛНЧ.",
                                "default": ""
                            },
                            "isRasOfficial": {
                                "type": "boolean",
                                "description": "Учения участва в Служебен РАС.",
                                "default": null
                            },
                            "personIdns": {
                                "type": "array",
                                "description": "Колекция от ИДН-та.",
                                "default": [],
                                "items": {
                                    "type": "object",
                                    "description": "ИДН.",
                                    "default": {},
                                    "required": [
                                        "institution",
                                        "idnNumber"
                                    ],
                                    "properties": {
                                        "institution": {
                                            "type": "object",
                                            "description": "Институция.",
                                            "default": {},
                                            "required": [
                                                "lotNumber"
                                            ],
                                            "properties": {
                                                "nameAlt": {
                                                    "type": "string",
                                                    "description": "Наименование - английски. Информативно поле.",
                                                    "default": ""
                                                },
                                                "lotNumber": {
                                                    "type": "integer",
                                                    "description": "Номер на партида на институцията: смяната на референцията към конкретна институция се осъществява, чрез номера на партидата.",
                                                    "default": null
                                                },
                                                "name": {
                                                    "type": "string",
                                                    "description": "Наименование. Информативно поле.",
                                                    "default": ""
                                                }
                                            }
                                        },
                                        "idnNumber": {
                                            "type": "string",
                                            "description": "Номер даден от институцията.",
                                            "default": ""
                                        }
                                    }
                                }
                            }
                        }
                    },
                    "scientistCorrespondence": {
                        "type": "object",
                        "description": "Кореспонденция и контакти.",
                        "default": {},
                        "properties": {
                            "state": {
                                "description": "Статус (3-Модификация/Нов, 6-Заличаване, 4-Без промяна)",
								"type": "number",
								"default": 4
                            },
                            "country": {
                                "type": "object",
                                "description": "Държава. Избира се, ако кореспонденцията му е извън България.",
                                "default": {},
                                "properties": {
                                    "nameAlt": {
                                        "type": "string",
                                        "description": "Наименование - английски. Информативно поле",
                                        "default": ""
                                    },
                                    "code": {
                                        "type": "string",
                                        "description": "Код на държава: смяната на референцията към конкретна държава се осъществява, чрез кода.",
                                        "default": ""
                                    },
                                    "name": {
                                        "type": "string",
                                        "description": "Наименование. Информативно поле.",
                                        "default": ""
                                    }
                                }
                            },
                            "district": {
                                "type": "object",
                                "description": "Област.",
                                "default": {},
                                "properties": {
                                    "nameAlt": {
                                        "type": "string",
                                        "description": "Наименование - английски. Информативно поле",
                                        "default": ""
                                    },
                                    "code": {
                                        "type": "string",
                                        "description": "Код на област: смяната на референцията към конкретна област се осъществява, чрез кода.",
                                        "default": ""
                                    },
                                    "name": {
                                        "type": "string",
                                        "description": "Наименование. Информативно поле.",
                                        "default": ""
                                    }
                                }
                            },
                            "municipality": {
                                "type": "object",
                                "description": "Община.",
                                "default": {},
                                "properties": {
                                    "nameAlt": {
                                        "type": "string",
                                        "description": "Наименование - английски. Информативно поле",
                                        "default": ""
                                    },
                                    "code": {
                                        "type": "string",
                                        "description": "Код на община: смяната на референцията към конкретна община се осъществява, чрез кода.",
                                        "default": ""
                                    },
                                    "name": {
                                        "type": "string",
                                        "description": "Наименование. Информативно поле.",
                                        "default": ""
                                    }
                                }
                            },
                            "settlement": {
                                "type": "object",
                                "description": "Населено място.",
                                "default": {},
                                "properties": {
                                    "nameAlt": {
                                        "type": "string",
                                        "description": "Наименование - английски. Информативно поле",
                                        "default": ""
                                    },
                                    "code": {
                                        "type": "string",
                                        "description": "Код на населено място: смяната на референцията към конкретно населено място се осъществява, чрез кода.",
                                        "default": ""
                                    },
                                    "name": {
                                        "type": "string",
                                        "description": "Наименование. Информативно поле.",
                                        "default": ""
                                    }
                                }
                            },
                            "foreignSettlement": {
                                "type": "string",
                                "description": "Населено място извън България.",
                                "default": null
                            },
                            "foreignSettlementAlt": {
                                "type": "string",
                                "description": "Населено място извън България - на английски.",
                                "default": null
                            },
                            "isForeign": {
                                "type": "boolean",
                                "description": "Местоположението на кореспонденцията е извън България.",
                                "default": false
                            },
                            "address": {
                                "type": "string",
                                "description": "Адрес.",
                                "default": ""
                            },
                            "addressAlt": {
                                "type": "string",
                                "description": "Адрес на английски.",
                                "default": ""
                            },
                            "postCode": {
                                "type": "string",
                                "description": "Пощенски код.",
                                "default": ""
                            },
                            "phone": {
                                "type": "string",
                                "description": "Телефон.",
                                "default": ""
                            },
                            "fax": {
                                "type": "string",
                                "description": "Факс.",
                                "default": ""
                            },
                            "email": {
                                "type": "string",
                                "description": "Електронна поща.",
                                "default": ""
                            }
                        }
                    },
                    "scientistOther": {
                        "type": "object",
                        "description": "Друга професионална информация.",
                        "default": {},
                        "properties": {
                            "state": {
                                "description": "Статус (3-Модификация/Нов, 6-Заличаване, 4-Без промяна)",
								"type": "number",
								"default": 4
                            },
                            "professionalExperience": {
                                "type": "string",
                                "description": "Професионален опит.",
                                "default": ""
                            },
                            "professionalExperienceAlt": {
                                "type": "string",
                                "description": "Професионален опит на английски.",
                                "default": ""
                            },
                            "keyWords": {
                                "type": "string",
                                "description": "Ключови думи.",
                                "default": ""
                            },
                            "keyWordsAlt": {
                                "type": "string",
                                "description": "Ключови думи на английски.",
                                "default": ""
                            },
                            "scientistOtherResearchAreas": {
                                "type": "array",
                                "description": "Друга професионална информация - Научни интереси.",
                                "default": [],
                                "items": {
                                    "type": "object",
                                    "description": "Друга професионална информация - Научен интерес.",
                                    "default": {},
                                    "properties": {
                                        "researchArea": {
                                            "type": "object",
                                            "description": "Научен интерес.",
                                            "default": {},
                                            "properties": {
                                                "nameAlt": {
													"type": "string",
													"description": "Наименование - английски. Информативно поле",
													"default": ""
												},
												"code": {
													"type": "string",
													"description": "Код на населено място: смяната на референцията към конкретно населено място се осъществява, чрез кода.",
													"default": ""
												},
												"name": {
													"type": "string",
													"description": "Наименование. Информативно поле.",
													"default": ""
												}
                                            }
                                        }
                                    }
                                }
                            }
                        }
                    },
                    "academicDegrees": {
                        "type": "array",
                        "description": "Научни степени.",
                        "default": [],
                        "items": {
                            "type": "object",
                            "description": "Научна степен.",
                            "default": {},
                            "properties": {
                                "initialPartId": {
                                    "type": "integer",
                                    "description": "Идентификациония номер на елемента от обстоятеслтвото (не се въвежда за нов)",
                                    "default": null
                                },
                                "state": {
                                    "description": "Статус (3-Модификация/Нов, 6-Заличаване, 4-Без промяна)",
									"type": "number",
									"default": 4
                                },
                                "isRas": {
                                    "type": "boolean",
                                    "description": "От регистър РАС.",
                                    "default": false
                                },
                                "isRnd": {
                                    "type": "boolean",
                                    "description": "От регистър РНД.",
                                    "default": false
                                },
                                "isActive": {
                                    "type": "boolean",
                                    "description": "Активна.",
                                    "default": false
                                },
                                "hasProperlyFK": {
                                    "type": "boolean",
                                    "description": "Проверено.",
                                    "default": false
                                },
                                "hasIssuedCertificate": {
                                    "type": "boolean",
                                    "description": "Издадено удостоверение.",
                                    "default": false
                                },
                                "certificateDate": {
                                    "type": "string",
                                    "description": "Дата на удостоверение.",
                                    "default": "",
                                    "examples": [
                                        "2020-03-11T00:00:00"
                                    ]
                                },
                                "certificateNumber": {
                                    "type": "string",
                                    "description": "Номер на удостоверение.",
                                    "default": ""
                                },
                                "academicDegreeType": {
                                    "type": "object",
                                    "description": "Научна степен.",
                                    "default": {},
                                    "properties": {
                                        "nameAlt": {
                                            "type": "string",
                                            "description": "Наименование на английски.",
                                            "default": ""
                                        },
                                        "name": {
                                            "type": "string",
                                            "description": "Наименование.",
                                            "default": ""
                                        },
                                        "id": {
                                            "type": "integer",
                                            "description": "Идентификационен номер на научната степен.",
                                            "default": null
                                        }
                                    }
                                },
                                "researchArea": {
                                    "type": "object",
                                    "description": "Професионално направление.",
                                    "default": {},
                                    "properties": {
                                        "nameAlt": {
                                            "type": "string",
                                            "description": "Наименование на английски.",
                                            "default": ""
                                        },
                                        "code": {
                                            "type": "string",
                                            "description": "Код на професионалното направление. Добавянето на професионално направление се осъществява, чрез него.",
                                            "default": ""
                                        },
                                        "name": {
                                            "type": "string",
                                            "description": "Наименование.",
                                            "default": ""
                                        }
                                    }
                                },
                                "diplomaDate": {
                                    "type": "string",
                                    "description": "Дата на издаване на дипломата.",
                                    "default": "",
                                    "examples": [
                                        "2020-03-07T00:00:00"
                                    ]
                                },
                                "diplomaNumber": {
                                    "type": "string",
                                    "description": "Номер на диплома.",
                                    "default": ""
                                },
                                "graduatedAbroad": {
                                    "type": "boolean",
                                    "description": "Защитил в чужбина.",
                                    "default": false
                                },
                                "country": {
                                    "type": "object",
									"description": "Държава.",
									"default": {},
									"properties": {
										"nameAlt": {
											"type": "string",
											"description": "Наименование - английски. Информативно поле",
											"default": ""
										},
										"code": {
											"type": "string",
											"description": "Код на държава: смяната на референцията към конкретна държава се осъществява, чрез кода.",
											"default": ""
										},
										"name": {
											"type": "string",
											"description": "Наименование. Информативно поле.",
											"default": ""
										}
									}
                                },
                                "foreignInstitution": {
                                    "type": "string",
                                    "description": "Чуждестранно учебно заведение.",
                                    "default": null
                                },
                                "foreignInstitutionAlt": {
                                    "type": "string",
                                    "description": "Чуждестранно учебно заведение - на английски.",
                                    "default": null
                                },
                                "foreignTown": {
                                    "type": "string",
                                    "description": "Град в чужбина.",
                                    "default": null
                                },
                                "foreignTownAlt": {
                                    "type": "string",
                                    "description": "Град в чужбина - на английски.",
                                    "default": null
                                },
                                "settlement": {
                                    "type": "object",
									"description": "Населено място.",
									"default": {},
									"properties": {
										"nameAlt": {
											"type": "string",
											"description": "Наименование - английски. Информативно поле",
											"default": ""
										},
										"code": {
											"type": "string",
											"description": "Код на населено място: смяната на референцията към конкретно населено място се осъществява, чрез кода.",
											"default": ""
										},
										"name": {
											"type": "string",
											"description": "Наименование. Информативно поле.",
											"default": ""
										}
									}
                                },
                                "institution": {
                                    "type": "object",
                                    "description": "Институция.",
                                    "default": {},
                                    "required": [
                                        "lotNumber"
                                    ],
                                    "properties": {
                                        "nameAlt": {
                                            "type": "string",
                                            "description": "Наименование - английски. Информативно поле.",
                                            "default": ""
                                        },
                                        "lotNumber": {
                                            "type": "integer",
                                            "description": "Номер на партида на институцията: смяната на референцията към конкретна институция се осъществява, чрез номера на партидата.",
                                            "default": null
                                        },
                                        "name": {
                                            "type": "string",
                                            "description": "Наименование. Информативно поле.",
                                            "default": ""
                                        }
                                    }
                                },
                                "institutionByParent": {
                                    "type": "object",
                                    "description": "Факултет към институцията.",
                                    "default": {},
                                    "required": [
                                        "lotNumber"
                                    ],
                                    "properties": {
                                        "nameAlt": {
                                            "type": "string",
                                            "description": "Наименование - английски. Информативно поле.",
                                            "default": ""
										},
										"lotNumber": {
											"type": "integer",
											"description": "Номер на партида на факултета: смяната на референцията към конкретен факултет се осъществява, чрез номера на партидата.",
											"default": null
										},
										"name": {
											"type": "string",
											"description": "Наименование. Информативно поле.",
											"default": ""
										}
									}
                                },
                                "department": {
                                    "type": "object",
                                    "description": "Катедра към факултета.",
                                    "default": {},
                                    "required": [
                                        "lotNumber"
                                    ],
                                    "properties": {
                                        "nameAlt": {
                                            "type": "string",
                                            "description": "Наименование - английски. Информативно поле.",
                                            "default": ""
										},
										"lotNumber": {
											"type": "integer",
											"description": "Номер на партида на катедра: смяната на референцията към конкретна катедра се осъществява, чрез номера на партидата.",
											"default": null
										},
										"name": {
											"type": "string",
											"description": "Наименование. Информативно поле.",
											"default": ""
										}
									}
                                },
                                "institutionRegisterType": {
                                    "type": "enum",
                                    "description": "Вид организация. 1 - Организация от Регистъра, 2 - Организация ВАК, 3 - Организация извън регистъра",
                                    "default": null
                                },
                                "scientificOrganizationOther": {
                                    "type": "string",
                                    "description": "Друга структура.",
                                    "default": null
                                },
                                "universityPrimaryUnit": {
                                    "type": "string",
                                    "description": "Първично звено.",
                                    "default": ""
                                },
                                "dissertation": {
                                    "type": "object",
                                    "description": "Дисертационни данни.",
                                    "default": {},
                                    "properties": {
                                        "keyWords": {
                                            "type": "string",
                                            "description": "Ключови думи.",
                                            "default": ""
                                        },
                                        "keyWordsAlt": {
                                            "type": "string",
                                            "description": "Ключови думи - на англойски.",
                                            "default": ""
                                        },
                                        "title": {
                                            "type": "string",
                                            "description": "Тема на дисертационния труд.",
                                            "default": ""
                                        },
                                        "titleAlt": {
                                            "type": "string",
                                            "description": "Тема на дисертационния труд - на английски.",
                                            "default": ""
                                        },
                                        "annotation": {
                                            "type": "string",
                                            "description": "Анотация (до 1500 символа).",
                                            "default": ""
                                        },
                                        "annotationAlt": {
                                            "type": "string",
                                            "description": "Анотация - на английски език (до 1500 символа).",
                                            "default": ""
                                        },
                                        "dateOfAcquire": {
                                            "type": "string",
                                            "description": "Дата на защита.",
                                            "default": "",
                                            "examples": [
                                                "2020-03-18T00:00:00"
                                            ]
                                        },
                                        "language": {
                                            "type": "object",
											"description": "Език на основния текст.",
											"default": {},
											"properties": {
												"nameAlt": {
													"type": "string",
													"description": "Наименование - английски. Информативно поле",
													"default": ""
												},
												"code": {
													"type": "string",
													"description": "Код на езика: смяната на референцията към конкретния език се осъществява, чрез кода.",
													"default": ""
												},
												"name": {
													"type": "string",
													"description": "Наименование. Информативно поле.",
													"default": ""
												}
											}
                                        },
                                        "numberOfBibliography": {
                                            "type": "integer",
                                            "description": "Библиография (брой заглавия).",
                                            "default": null
                                        },
                                        "numberOfPages": {
                                            "type": "integer",
                                            "description": "Общ обем на дисертационния труд (брой страници).",
                                            "default": null
                                        },
                                        "supervisor": {
                                            "type": "string",
                                            "description": "Научен ръководител.",
                                            "default": ""
                                        },
                                        "supervisorAlt": {
                                            "type": "string",
                                            "description": "Научен ръководител - на английски.",
                                            "default": ""
                                        },
                                        "reviewers": {
                                            "type": "string",
                                            "description": "Рецензенти.",
                                            "default": ""
                                        },
                                        "reviewersAlt": {
                                            "type": "string",
                                            "description": "Рецензенти - на английски език.",
                                            "default": ""
                                        },
                                        "headOfJury": {
                                            "type": "string",
                                            "description": "Председател на научно жури.",
                                            "default": ""
                                        },
                                        "headOfJuryAlt": {
                                            "type": "string",
                                            "description": "Председател на научно жури - на английски език.",
                                            "default": ""
                                        },
                                        "jury": {
                                            "type": "string",
                                            "description": "Членове на научно жури.",
                                            "default": ""
                                        },
                                        "juryAlt": {
                                            "type": "string",
                                            "description": "Членове на научно жури - На английски език.",
                                            "default": ""
                                        }
                                    }
                                },
                                "externalId": {
                                    "type": "integer",
                                    "description": "Вашето Id: След импорт ще се върне файл със съответващото initialPartId <=> externalId.",
                                    "default": null
                                }
                            }
                        }
                    },
                    "academicRanks": {
                        "type": "array",
                        "description": "Академични длъжности.",
                        "default": [],
                        "items": {
                            "type": "object",
                            "description": "Академична длъжност.",
                            "default": {},
                            "properties": {
                                "initialPartId": {
                                    "type": "integer",
                                    "description": "Идентификациония номер на елемента от обстоятеслтвото (не се въвежда за нов)",
                                    "default": null
                                },
                                "state": {
                                    "description": "Статус (3-Модификация/Нов, 6-Заличаване, 4-Без промяна)",
									"type": "number",
									"default": 4
                                },
                                "isRas": {
                                    "type": "boolean",
                                    "description": "РАС.",
                                    "default": false
                                },
                                "isRnd": {
                                    "type": "boolean",
                                    "description": "РНД.",
                                    "default": false
                                },
                                "isActive": {
                                    "type": "boolean",
                                    "description": "Активна.",
                                    "default": false
                                },
                                "institution": {
                                    "type": "object",
                                    "description": "Висше училище/Научна организация, в която е заета академичната длъжност.",
                                    "default": {},
                                    "properties": {
                                        "nameAlt": {
                                            "type": "string",
                                            "description": "Наименование - английски. Информативно поле.",
                                            "default": ""
										},
										"lotNumber": {
											"type": "integer",
											"description": "Номер на партида на институцията: смяната на референцията към конкретна институция се осъществява, чрез номера на партидата.",
											"default": null
										},
										"name": {
											"type": "string",
											"description": "Наименование. Информативно поле.",
											"default": ""
										}
                                    }
                                },
                                "institutionByParent": {
                                    "type": "object",
                                    "description": "Факултет/Научен институт.",
                                    "default": {},
                                    "properties": {
                                        "nameAlt": {
                                            "type": "string",
                                            "description": "Наименование - английски. Информативно поле.",
                                            "default": ""
										},
										"lotNumber": {
											"type": "integer",
											"description": "Номер на партида на факултета: смяната на референцията към конкретен факултет се осъществява, чрез номера на партидата.",
											"default": null
										},
										"name": {
											"type": "string",
											"description": "Наименование. Информативно поле.",
											"default": ""
										}
                                    }
                                },
                                "department": {
                                    "type": "object",
                                    "description": "Катедра.",
                                    "default": {},
                                    "properties": {
                                        "nameAlt": {
                                            "type": "string",
                                            "description": "Наименование - английски. Информативно поле.",
                                            "default": ""
										},
										"lotNumber": {
											"type": "integer",
											"description": "Номер на партида на катедра: смяната на референцията към конкретна катедра се осъществява, чрез номера на партидата.",
											"default": null
										},
										"name": {
											"type": "string",
											"description": "Наименование. Информативно поле.",
											"default": ""
										}
                                    }
                                },
                                "institutionRegisterType": {
                                    "type": "enum",
                                    "description": "Вид организация. 1 - Организация от Регистъра, 2 - Организация ВАК, 3 - Организация извън регистъра",
                                    "default": null
                                },
                                "academicRankType": {
                                    "type": "object",
                                    "description": "Академична длъжност/Научно звание.",
                                    "default": {},
                                    "properties": {
                                        "nameAlt": {
                                            "type": "string",
                                            "description": "Наименование - английски. Информативно поле.",
                                            "default": ""
                                        },
                                        "name": {
                                            "type": "string",
											"description": "Наименование. Информативно поле.",
											"default": ""
                                        },
                                        "id": {
                                            "type": "integer",
                                            "description": "Идентификационен номер на длъжността.",
                                            "default": null
                                        }
                                    }
                                },
                                "researchArea": {
                                    "type": "object",
                                    "description": "Професионално направление.",
                                    "default": {},
                                    "properties": {
                                        "nameAlt": {
                                            "type": "string",
                                            "description": "Наименование на професионалното направление - на английски. Информативно поле.",
                                            "default": ""
                                        },
                                        "code": {
                                            "type": "string",
                                            "description": "Код на професионалното направление. Добавянето на професионално направление се осъществява, чрез него.",
                                            "default": ""
                                        },
                                        "name": {
                                            "type": "string",
                                            "description": "Наименование на професионалното направление. Информативно поле.",
                                            "default": ""
                                        }
                                    }
                                },
                                "numberOfContract": {
                                    "type": "string",
                                    "description": "Номер на акт за назначаване.",
                                    "default": ""
                                },
                                "dateOfContract": {
                                    "type": "string",
                                    "description": "Дата на акт на назначение.",
                                    "default": "",
                                    "examples": [
                                        "2020-03-04T00:00:00"
                                    ]
                                },
                                "startingFrom": {
                                    "type": "string",
                                    "description": "Считано от.",
                                    "default": "",
                                    "examples": [
                                        "2020-03-04T00:00:00"
                                    ]
                                },
                                "dismissActNumber": {
                                    "type": "string",
                                    "description": "Номер на акт за освобождаване.",
                                    "default": "",
                                    "examples": [
                                        "Номер на акт за освобождаване"
                                    ]
                                },
                                "dismissActDate": {
                                    "type": "string",
                                    "description": "ата на акт на освобождаване.",
                                    "default": "",
                                    "examples": [
                                        "2020-03-12T00:00:00"
                                    ]
                                },
                                "startingTo": {
                                    "type": "string",
                                    "description": "Считано до.",
                                    "default": "",
                                    "examples": [
                                        "2020-03-19T00:00:00"
                                    ]
                                },
                                "dismissMotive": {
                                    "type": "string",
                                    "description": "Мотив за освобождаване/Допълнителна информация.",
                                    "default": ""
                                },
                                "headOfJury": {
                                    "type": "string",
                                    "description": "Председател на научно жури.",
                                    "default": ""
                                },
                                "headOfJuryAlt": {
                                    "type": "string",
                                    "description": "Председател на научно жури - на английски език.",
                                    "default": ""
                                },
                                "jury": {
                                    "type": "string",
                                    "description": "Членове на научно жури.",
                                    "default": ""
                                },
                                "juryAlt": {
                                    "type": "string",
                                    "description": "Членове на научно жури - на английски език.",
                                    "default": ""
                                },
                                "hasIssuedCertificate": {
                                    "type": "boolean",
                                    "description": "Издадено удостоверение.",
                                    "default": false
                                },
                                "certificateDate": {
                                    "type": "string",
                                    "description": "Дата на удостоверение.",
                                    "default": "",
                                    "examples": [
                                        "2020-03-17T00:00:00"
                                    ]
                                },
                                "certificateNumber": {
                                    "type": "string",
                                    "description": "Номер на удостоверение.",
                                    "default": "",
                                },
                                "phone": {
                                    "type": "string",
                                    "description": "Телефон.",
                                    "default": ""
                                },
                                "fax": {
                                    "type": "string",
                                    "description": "Факс.",
                                    "default": ""
                                },
                                "email": {
                                    "type": "string",
                                    "description": "Ел. поща.",
                                    "default": ""
                                },
                                "externalId": {
                                    "type": "integer",
                                    "description": "Вашето Id: След импорт ще се върне файл със съответващото initialPartId <=> externalId.",
                                    "default": null
                                }
                            }
                        }
                    },
                    "publications": {
                        "type": "array",
                        "description": "Публикации.",
                        "default": [],
                        "items": {
                            "type": "object",
                            "description": "Публикация.",
                            "default": {},
                            "properties": {
                                "initialPartId": {
                                    "type": "integer",
                                    "description": "Идентификациония номер на елемента от обстоятеслтвото (не се въвежда за нов)",
                                    "default": null
                                },
                                "state": {
                                    "description": "Статус (3-Модификация/Нов, 6-Заличаване, 4-Без промяна)",
									"type": "number",
									"default": 4
                                },
                                "type": {
                                    "type": "object",
                                    "description": "Вид публикация.",
                                    "default": {},
                                    "properties": {
                                        "nameAlt": {
                                            "type": "string",
                                            "description": "Наименование - английски. Информативно поле.",
                                            "default": ""
                                        },
                                        "code": {
                                            "type": "string",
											"description": "Код на вид на публикация: смяната на вид на публикация към конкретен вид се осъществява, чрез кода.",
											"default": ""
                                        },
                                        "name": {
                                            "type": "string",
                                            "description": "Наименование. Информативно поле.",
                                            "default": ""
                                        }
                                    }
                                },
                                "originalTitle": {
                                    "type": "string",
                                    "description": "Оригинално заглавие.",
                                    "default": ""
                                },
                                "coAuthors": {
                                    "type": "string",
                                    "description": "Автори.",
                                    "default": ""
                                },
                                "coAuthorsAlt": {
                                    "type": "string",
                                    "description": "Автори - на английски.",
                                    "default": null
                                },
                                "edition": {
                                    "type": "string",
                                    "description": "Издателски данни.",
                                    "default": ""
                                },
                                "publicationIndex": {
                                    "type": "string",
                                    "description": "Инф. бази данни, в които е реферирана/индексирана публикацията.",
                                    "default": ""
                                },
                                "year": {
                                    "type": "integer",
                                    "description": "Година на издаване.",
                                    "default": null
                                },
                                "externalId": {
                                    "type": "integer",
                                    "description": "Вашето Id: След импорт ще се върне файл със съответващото initialPartId <=> externalId.",
                                    "default": null
                                },
                                "nrsPublicationNumber": {
                                    "type": "integer",
                                    "description": "Връзка към Национален референтен списък или реферирани и индексирани издания в световни бази данни - номер.",
                                    "default": null
                                }
                            }
                        }
                    },
                    "languageSkills": {
                        "type": "array",
                        "description": "Владеене на чужди езици.",
                        "default": [],
                        "items": {
                            "type": "object",
                            "description": "Владеене на чужд език.",
                            "default": {},
                            "properties": {
                                "initialPartId": {
                                    "type": "integer",
                                    "description": "Идентификациония номер на елемента от обстоятеслтвото (не се въвежда за нов)",
                                    "default": null
                                },
                                "state": {
                                    "description": "Статус (3-Модификация/Нов, 6-Заличаване, 4-Без промяна)",
									"type": "number",
									"default": 4
                                },
                                "language": {
                                    "type": "object",
                                    "description": "Език.",
                                    "default": {},
                                    "properties": {
                                        "nameAlt": {
											"type": "string",
											"description": "Наименование - английски. Информативно поле",
											"default": ""
										},
										"code": {
											"type": "string",
											"description": "Код на езика: смяната на референцията към конкретния език се осъществява, чрез кода.",
											"default": ""
										},
										"name": {
											"type": "string",
											"description": "Наименование. Информативно поле.",
											"default": ""
										}
                                    }
                                },
                                "reading": {
                                    "type": "object",
                                    "description": "Четене.",
                                    "default": {},
                                    "properties": {
                                        "nameAlt": {
                                            "type": "string",
                                            "description": "Наименование - английски. Информативно поле.",
                                            "default": ""
                                        },
                                        "code": {
                                            "type": "string",
											"description": "Код на владеене на език: смяната на референцията към конкретно владеене на език се осъществява, чрез кода.",
											"default": ""
                                        },
                                        "name": {
                                            "type": "string",
                                            "description": "Наименование. Информативно поле.",
                                            "default": ""
                                        }
                                    }
                                },
                                "writing": {
                                    "type": "object",
                                    "description": "Писане.",
                                    "default": {},
                                    "properties": {
                                        "nameAlt": {
                                            "type": "string",
                                            "description": "Наименование - английски. Информативно поле.",
                                            "default": ""
                                        },
                                        "code": {
                                            "type": "string",
											"description": "Код на владеене на език: смяната на референцията към конкретно владеене на език се осъществява, чрез кода.",
											"default": ""
                                        },
                                        "name": {
                                            "type": "string",
                                            "description": "Наименование. Информативно поле.",
                                            "default": ""
                                        }
                                    }
                                },
                                "speaking": {
                                    "type": "object",
                                    "description": "Говорене.",
                                    "default": {},
                                    "properties": {
                                        "nameAlt": {
                                            "type": "string",
                                            "description": "Наименование - английски. Информативно поле.",
                                            "default": ""
                                        },
                                        "code": {
                                            "type": "string",
											"description": "Код на владеене на език: смяната на референцията към конкретно владеене на език се осъществява, чрез кода.",
											"default": ""
                                        },
                                        "name": {
                                            "type": "string",
                                            "description": "Наименование. Информативно поле.",
                                            "default": ""
                                        }
                                    }
                                },
                                "externalId": {
                                    "type": "integer",
                                    "description": "Вашето Id: След импорт ще се върне файл със съответващото initialPartId <=> externalId.",
                                    "default": null
                                }
                            }
                        }
                    },
                    "scientistHonorableTitles": {
                        "type": "array",
                        "description": "Почетни звания.",
                        "default": [],
                        "items": {
                            "type": "object",
                            "description": "Почетно звание.",
                            "default": {},
                            "properties": {
                                "initialPartId": {
                                    "type": "integer",
                                    "description": "Идентификациония номер на елемента от обстоятеслтвото (не се въвежда за нов)",
                                    "default": null
                                },
                                "state": {
                                    "description": "Статус (3-Модификация/Нов, 6-Заличаване, 4-Без промяна)",
									"type": "number",
									"default": 4
                                },
                                "contractDate": {
                                    "type": "string",
                                    "description": "Дата на сключване.",
                                    "default": "",
                                    "examples": [
                                        "2020-03-05T00:00:00"
                                    ]
                                },
                                "honorableTitle": {
                                    "type": "object",
                                    "description": "Почетно звание.",
                                    "default": {},
                                    "properties": {
                                        "nameAlt": {
                                            "type": "string",
                                            "description": "Наименование - английски. Информативно поле.",
                                            "default": ""
                                        },
                                        "name": {
                                            "type": "string",
                                            "description": "Наименование. Информативно поле.",
                                            "default": ""
                                        },
                                        "id": {
                                            "type": "integer",
                                            "description": "Идентификационен номер на почетното звание.",
                                            "default": null
                                        }
                                    }
                                },
                                "organizationName": {
                                    "type": "string",
                                    "description": "Име на организация.",
                                    "default": ""
                                },
                                "organizationNameAlt": {
                                    "type": "string",
                                    "description": "Име на организация - на английски.",
                                    "default": ""
                                },
                                "externalId": {
                                    "type": "integer",
                                    "description": "Вашето Id: След импорт ще се върне файл със съответващото initialPartId <=> externalId.",
                                    "default": null
                                }
                            }
                        }
                    }
                }
            }
        }
    }
}