{
  "scientists": [
    {
      "lotNumber": 89874,
      "person": {
        "state": 4,
        "firstName": "Име",
        "middleName": "Презиме",
        "lastName": "Фамилия",
        "firstNameAlt": "Name",
        "middleNameAlt": "Second Name",
        "lastNameAlt": "Last Name",
        "name": "Име Презиме Фамилия",
        "birthDate": "1988-08-26T08:00:00",
        "type": 1,
        "country": {
          "nameAlt": "Bulgaria",
          "code": "BG",
          "name": "България"
        },
        "secondCitizenship": {
          "nameAlt": "Australia",
          "code": "AU",
          "name": "Австралия"
        },
        "uin": "880826****",
        "isRasOfficial": true,
        "personIdns": []
      },
      "publications": [
        {
          "initialPartId": 2695736,
          "state": 4,
          "type": {
            "nameAlt": "Book",
            "code": "К",
            "name": "Книга"
          },
          "originalTitle": "Оригинално заглавие",
          "coAuthors": "Автори",
          "coAuthorsAlt": null,
          "edition": "А. С. ПУШКИН и българската култура – София: Тилиа;  Софийски унив. \"Св. Кл. Охридски\", Кат. по специална педагогика, 1999, ISBN 954-430-682-X ; ISBN 954-717-117-8",
          "publicationIndex": "\tИнф. бази данни, в които е реферирана/индексирана публикацията",
          "year": 2015,
          "externalId": null,
          "nrsPublicationNumber": 370
        }
      ]
    }
  ]
}