{
  "scientists": [
    {
      "lotNumber": 89874,
      "person": {
        "state": 4,
        "firstName": "Име",
        "middleName": "Презиме",
        "lastName": "Фамилия",
        "firstNameAlt": "Name",
        "middleNameAlt": "Second Name",
        "lastNameAlt": "Last Name",
        "name": "Име Презиме Фамилия",
        "birthDate": "1988-08-26T08:00:00",
        "type": 1,
        "country": {
          "nameAlt": "Bulgaria",
          "code": "BG",
          "name": "България"
        },
        "secondCitizenship": {
          "nameAlt": "Australia",
          "code": "AU",
          "name": "Австралия"
        },
        "uin": "880826****",
        "isRasOfficial": true,
        "personIdns": [
			{
			  "institution": {
			    "nameAlt": "Име",
			    "lotNumber": 996,
			    "name": "Име на английски"
			  },
			  "idnNumber": "ИДН Номер"
			}
		]
      },
      "administrativePositions": [
        {
          "initialPartId": 1,
          "state": 4,
          "fromDate": "2020-03-02T00:00:00",
          "toDate": "2021-07-08T00:00:00",
          "contractNumber": 1,
          "institution": {
			"nameAlt": "Име",
			"lotNumber": 996,
			"name": "Име на английски"
		  },
          "institutionByParent": {
			"nameAlt": "Име",
			"lotNumber": 997,
			"name": "Име на английски"
		  },
          "department": {
			"nameAlt": "Име",
			"lotNumber": 998,
			"name": "Име на английски"
		  },
          "position": {
            "nameAlt": "Декан",
            "code": "13459008",
            "name": "Декан"
          },
          "contractType": {
            "name": "ТД за неопределено време",
            "id": 1,
            "nameAlt": "ТД за неопределено време"
          },
          "appointmentActNumber": "Номер на акт на назначение",
          "appointmentActDate": "2020-03-06T00:00:00",
          "note": "Бележка",
          "externalId": "Вашето Id"
        }
      ],
      "assignmentPositions": [
        {
          "initialPartId": 448642,
          "state": 4,
          "year": 2020,
          "semester": 1,
          "contractNumber": 1,
          "institution": {
			"nameAlt": "Име",
			"lotNumber": 996,
			"name": "Име на английски"
		  },
          "institutionByParent": {
			"nameAlt": "Име",
			"lotNumber": 997,
			"name": "Име на английски"
		  },
          "department": {
			"nameAlt": "Име",
			"lotNumber": 998,
			"name": "Име на английски"
		  },
          "position": {
            "nameAlt": "Професор",
            "code": "24227083",
            "name": "Професор"
          },
          "annualRate": 300,
          "assignedHours": 300,
          "predictionAssignedHours": 300,
          "contractType": {
            "name": "ТД за неопределено време",
            "id": 1,
            "nameAlt": "ТД за неопределено време"
          },
          "academicStaffType": 2,
          "workType": 1,
          "appointmentActNumber": "Номер на акт за назначаване",
          "appointmentActDate": "2020-03-04T00:00:00",
          "note": "Бележка",
          "assignmentPositionSpecialities": [
            {
              "speciality": {
                "duration": 4,
                "isAccredited": true,
                "isRegulated": false,
                "isForCadets": false,
                "name": "Логопедия",
                "isActive": true,
                "id": 33967,
                "nameAlt": "Логопедия",
                "educationalFormName": "Редовна",
                "educationalQualificationName": "Бакалавър",
                "nsiRegionName": "Подготовка на учители с предметна специализация",
                "nationalStatisticalInstituteName": "Български език и гражданско образование",
                "researchAreaCode": "1.2.",
                "researchAreaName": "Педагогика"
              }
            }
          ],
          "assignmentPositionResearchAreas": [
            {
              "researchArea": {
                "nameAlt": "Theory and management of",
                "code": "1.1.",
                "name": "Теория и управление на образованието"
              }
            }
          ],
          "externalId": "Вашето Id"
        }
      ]
    }
  ]
}