{
  "scientists": [
    {
      "lotNumber": 89874,
      "person": {
        "state": 4,
        "firstName": "Име",
        "middleName": "Презиме",
        "lastName": "Фамилия",
        "firstNameAlt": "Name",
        "middleNameAlt": "Second Name",
        "lastNameAlt": "Last Name",
        "name": "Име Презиме Фамилия",
        "birthDate": "1988-08-26T08:00:00",
        "type": 1,
        "country": {
          "nameAlt": "Bulgaria",
          "code": "BG",
          "name": "България"
        },
        "secondCitizenship": {
          "nameAlt": "Australia",
          "code": "AU",
          "name": "Австралия"
        },
        "uin": "880826****",
        "isRasOfficial": true,
        "personIdns": [
			{
			  "institution": {
			    "nameAlt": "Име",
			    "lotNumber": 996,
			    "name": "Име на английски"
			  },
			  "idnNumber": "ИДН Номер"
			}
		]
      },
      "scientistCorrespondence": {
        "state": 4,
        "country": null,
        "district": {
          "nameAlt": "Sofia (capital)",
          "code": "SOF",
          "name": "София (столица)"
        },
        "municipality": {
          "nameAlt": "Stolichna",
          "code": "SOF46",
          "name": "Столична"
        },
        "settlement": {
          "nameAlt": "гр.София",
          "code": "68134",
          "name": "гр.София"
        },
        "foreignSettlement": null,
        "foreignSettlementAlt": null,
        "isForeign": false,
        "address": "Адрес",
        "addressAlt": "Address",
        "postCode": "1379",
        "phone": "Телефон",
        "fax": "Факс",
        "email": "Ел. поща"
      },
      "scientistOther": {
        "state": 4,
        "professionalExperience": "Професионален опит",
        "professionalExperienceAlt": "Professional experience",
        "keyWords": "Ключови думи",
        "keyWordsAlt": "Keywords",
        "scientistOtherResearchAreas": [
          {
            "researchArea": {
              "nameAlt": "Theory and management of",
              "code": "1.1.",
              "name": "Теория и управление на образованието"
            }
          }
        ]
      },
      "academicDegrees": [
        {
          "initialPartId": 99614,
          "state": 4,
          "isRas": true,
          "isRnd": true,
          "isActive": true,
          "hasProperlyFK": true,
          "hasIssuedCertificate": true,
          "certificateDate": "2020-03-11T00:00:00",
          "certificateNumber": "Номер на удостоверение",
          "academicDegreeType": {
            "nameAlt": "Doctor (PhD)",
            "name": "ОНС \"доктор\"",
            "id": 1
          },
          "researchArea": {
            "nameAlt": "Pedagogy",
            "code": "1.2.",
            "name": "Педагогика"
          },
          "diplomaDate": "2020-03-07T00:00:00",
          "diplomaNumber": "Номер на диплома",
          "graduatedAbroad": false,
          "country": {
            "nameAlt": "Bulgaria",
            "code": "BG",
            "name": "България"
          },
          "foreignInstitution": null,
          "foreignInstitutionAlt": null,
          "foreignTown": null,
          "foreignTownAlt": null,
          "settlement": {
            "nameAlt": "гр.София",
            "code": "68134",
            "name": "гр.София"
          },
          "institution": {
            "nameAlt": "Име на английски",
            "lotNumber": 996,
            "name": "Име"
          },
          "institutionByParent": {
			 "nameAlt": "Име на английски",
            "lotNumber": 997,
            "name": "Име"
		  },
          "department": {
			 "nameAlt": "Име на английски",
            "lotNumber": 998,
            "name": "Име"
		  },
          "institutionRegisterType": 1,
          "scientificOrganizationOther": null,
          "universityPrimaryUnit": "Първично звено",
          "dissertation": {
            "depositoryOld": null,
            "keyWords": "Ключови думи",
            "keyWordsAlt": "Ключови думи - На английски език",
            "title": "Тема на дисертационния труд",
            "titleAlt": "Тема на дисертационния труд - На английски език",
            "annotation": "Анотация",
            "annotationAlt": "Annotation",
            "dateOfAcquire": "2020-03-18T00:00:00",
            "language": null,
            "numberOfBibliography": 2,
            "numberOfPages": 50,
            "supervisor": "Научен ръководител",
            "supervisorAlt": "Научен ръководител - На английски език",
            "reviewers": "Рецензенти",
            "reviewersAlt": "Рецензенти - На английски език",
            "headOfJury": "Председател на научно жури",
            "headOfJuryAlt": "Председател на научно жури - На английски език",
            "jury": "Членове на научно жури",
            "juryAlt": "Членове на научно жури - На английски език"
          },
          "externalId": null
        }
      ],
      "academicRanks": [
        {
          "initialPartId": 126212,
          "state": 4,
          "isRas": true,
          "isRnd": true,
          "isActive": true,
          "institution": {
			 "nameAlt": "Име на английски",
            "lotNumber": 996,
            "name": "Име"
		  },
          "institutionByParent": {
			 "nameAlt": "Име на английски",
            "lotNumber": 997,
            "name": "Име"
		  },
          "department": {
			 "nameAlt": "Име на английски",
            "lotNumber": 998,
            "name": "Име"
		  },
          "institutionRegisterType": 1,
          "academicRankType": {
            "nameAlt": "Professor",
            "name": "Професор",
            "id": 1
          },
          "isHonorableTitle": false,
          "researchArea": {
            "nameAlt": "Pedagogy",
            "code": "1.2.",
            "name": "Педагогика"
          },
          "numberOfContract": "Номер на акт за назначаване",
          "dateOfContract": "2020-03-04T00:00:00",
          "startingFrom": "2020-03-04T00:00:00",
          "dismissActNumber": "Номер на акт за освобождаване",
          "dismissActDate": "2020-03-12T00:00:00",
          "startingTo": "2020-03-19T00:00:00",
          "dismissMotive": "Мотив за освобождаване/Допълнителна информация",
          "headOfJury": "Председател на научно жури",
          "headOfJuryAlt": "Председател на научно жури - На английски език",
          "jury": "Членове на научно жури",
          "juryAlt": "Членове на научно жури - На английски език",
          "hasIssuedCertificate": true,
          "certificateDate": "2020-03-17T00:00:00",
          "certificateNumber": "Номер на удостоверение",
          "phone": "Телефон",
          "fax": "Факс",
          "email": "Ел. поща",
          "externalId": null
        }
      ],
      "publications": [
        {
          "initialPartId": 2695736,
          "state": 4,
          "type": {
            "nameAlt": "Book",
            "code": "К",
            "name": "Книга"
          },
          "originalTitle": "Оригинално заглавие",
          "coAuthors": "Автори",
          "coAuthorsAlt": null,
          "edition": "А. С. ПУШКИН и българската култура – София: Тилиа;  Софийски унив. \"Св. Кл. Охридски\", Кат. по специална педагогика, 1999, ISBN 954-430-682-X ; ISBN 954-717-117-8",
          "publicationIndex": "\tИнф. бази данни, в които е реферирана/индексирана публикацията",
          "year": 2015,
          "externalId": null,
          "nrsPublicationNumber": 370
        }
      ],
      "languageSkills": [
        {
          "initialPartId": 34003,
          "state": 4,
          "language": {
            "nameAlt": "English",
            "code": "EN",
            "name": "Английски"
          },
          "reading": {
            "nameAlt": "Proficient user",
            "code": "C1/C2",
            "name": "Свободно"
          },
          "writing": {
            "nameAlt": "Independent user",
            "code": "B1/B2",
            "name": "Самостоятелно"
          },
          "speaking": {
            "nameAlt": "Proficient user",
            "code": "C1/C2",
            "name": "Свободно"
          },
          "externalId": null
        }
      ],
      "scientistHonorableTitles": [
        {
          "initialPartId": 125,
          "state": 4,
          "contractDate": "2020-03-05T00:00:00",
          "honorableTitle": {
            "nameAlt": "Academic",
            "name": "Академик",
            "id": 1
          },
          "organizationName": "Име на организация",
          "organizationNameAlt": "Organization name",
          "externalId": null
        }
      ]
    }
  ]
}