{
  "$schema": "http://json-schema.org/draft-04/schema#",
  "description": "Импорт на партиди, чрез JSON файл",
  "type": "object",
  "properties": {
    "organizationLotNumber": {
	  "description": "Номер на партида",
      "type": "number"
    },
    "organizationDto": {
      "type": "object",
	  "description": "Организация",
      "properties": {
        "organizationBasic": {
          "type": "object",
		  "description": "Основни данни",
          "properties": {
            "uic": {
              "type": "string",
			  "description": "БУЛСТАТ",
              "minLength": 1
            },
            "name": {
              "type": "string",
			  "description": "Наименование на научната организация",
              "minLength": 1
            },
            "nameAlt": {
              "type": "string",
			  "description": "Наименование на научната организация - На английски език",
              "minLength": 1
            },
            "shortName": {
              "type": "string",
			  "description": "Кратко наименование",
              "minLength": 1
            },
            "shortNameAlt": {
              "type": "string",
			  "description": "Кратко наименование - На английски език",
              "minLength": 1
            },
            "isActive": {
              "type": "boolean",
			  "description": "Активност на организация"
            },
            "isRND": {
              "type": "boolean",
			  "description": "Подчиненост в/извън РНД"
            },
			"organizationType": {
              "type": "object",
			  "description": "Тип на организация - Номенклатура: OrganizationType (API - */api/Organization/Nomenclature/OrganizationType)",
              "properties": {
                "id": {
                  "type": "number",
				  "description": "Номер"
                },
                "name": {
                  "type": "string",
				  "description": "Наименование (не се използва при импорт)",
                  "minLength": 1
                },
                "nameAlt": {
                  "type": "string",
				  "description": "Наименование - На английски език (не се използва при импорт)",
                  "minLength": 1
                }
              }
            },
            "organizationCommit": {
              "type": "object",
			  "description": "Подчиненост в РНД - Номенклатура: OrganizationLot (Api - */api/Organization/Nomenclature/OrganizationLot)",
              "properties": {
                "number": {
                  "type": "number",
				  "description": "Номер на партида"
                },
                "name": {
                  "type": "string",
				  "description": "Наименование (не се използва при импорт)",
                  "minLength": 1
                },
                "nameAlt": {
                  "type": "string",
				  "description": "Наименование - На английски език (не се използва при импорт)",
                  "minLength": 1
                }
              }
            },
            "subordination": {
              "type": "string",
			  "description": "Подчиненост (ако извън РНД)",
              "minLength": 1
            },
            "subordinationAlt": {
              "type": "string",
			  "description": "Подчиненост - На англиски език (ако извън РНД)",
              "minLength": 1
            },
            "state": {
			  "description": "Статус (3-Модификация/Нов, 6-Заличаване)",
              "type": "number"
			}
          },
		  "required":[
               "name",
               "nameAlt",
               "uic",
               "shortName",
               "shortNameAlt"
            ]
        },
        "organizationCorrespondence": {
          "type": "object",
		  "description": "Адрес за кореспонденция и контакти",
          "properties": {
            "isForeign": {
              "type": "boolean",
			  "description": "Чужденец - да/не"
            },
            "country": {
              "type": "object",
			  "description": "Местоположение - Номенклатура: Country (API - */api/Nomenclature/Country)",
              "properties": {
                "code": {
                  "type": "string",
				  "description": "Код",
                  "minLength": 1
                },
                "name": {
                  "type": "string",
				  "description": "Наименование (не се използва при импорт)",
                  "minLength": 1
                },
                "nameAlt": {
                  "type": "string",
				  "description": "Наименование - На английски език (не се използва при импорт)",
                  "minLength": 1
                }
              }
            },
            "district": {
              "type": "object",
			  "description": "Област - Номенклатура: District (API - */api/Nomenclature/District)",
              "properties": {
                "code": {
                  "type": "string",
				  "description": "Код",
                  "minLength": 1
                },
                "name": {
                  "type": "string",
				  "description": "Наименование (не се използва при импорт)",
                  "minLength": 1
                },
                "nameAlt": {
                  "type": "string",
				  "description": "Наименование - На английски език (не се използва при импорт)",
                  "minLength": 1
                }
              }
            },
            "municipality": {
              "type": "object",
			  "description": "Община - Номенклатура: Municipality (API - */api/Nomenclature/Municipality)",
              "properties": {
                "code": {
                  "type": "string",
				  "description": "Код",
                  "minLength": 1
                },
                "name": {
                  "type": "string",
				  "description": "Наименование (не се използва при импорт)",
                  "minLength": 1
                },
                "nameAlt": {
                  "type": "string",
				  "description": "Наименование - На английски език (не се използва при импорт)",
                  "minLength": 1
                }
              }
            },
            "settlement": {
              "type": "object",
			  "description": "Населено място - Номенклатура: Settlement (API - */api/Nomenclature/Settlement)",
              "properties": {
                "code": {
                  "type": "string",
				  "description": "Код",
                  "minLength": 1
                },
                "name": {
                  "type": "string",
				  "description": "Наименование (не се използва при импорт)",
                  "minLength": 1
                },
                "nameAlt": {
                  "type": "string",
				  "description": "Наименование - На английски език (не се използва при импорт)",
                  "minLength": 1
                }
              }
            },
            "foreignSettlement": {
              "type": "string",
			  "description": "Населено място извън България",
              "minLength": 1
            },
            "foreignSettlementAlt": {
              "type": "string",
			  "description": "Населено място извън България - На английски език",
              "minLength": 1
            },
            "address": {
              "type": "string",
			  "description": "Адрес",
              "minLength": 1
            },
            "addressAlt": {
              "description": "Адрес - На английски език",
              "minLength": 1
            },
            "phone": {
              "type": "string",
			  "description": "Телефон",
              "minLength": 1
            },
            "fax": {
              "type": "string",
			  "description": "Факс",
              "minLength": 1
            },
            "email": {
              "type": "string",
			  "description": "Имейл",
              "minLength": 1
            },
            "webPageUrl": {
              "type": "string",
			  "description": "Уеб-страница",
              "minLength": 1
            },
            ,
            "state": {
			  "description": "Статус (3-Модификация/Нов, 6-Заличаване)",
              "type": "number"
			}
          }
        },
        "organizationOther": {
          "type": "object",
		  "description": "Други данни",
          "properties": {
            "creationAct": {
              "type": "string",
			  "description": "Акт на създаване на организацията",
              "minLength": 1
            },
            "creationActAlt": {
              "type": "string",
			  "description": "Акт на създаване на организацията - На английски език",
              "minLength": 1
            },
            "changeAct": {
              "type": "string",
			  "description": "Акт на промяна на организацията",
              "minLength": 1
            },
            "changeActAlt": {
              "type": "string",
			  "description": "Акт на промяна на организацията - На английски език",
              "minLength": 1
            },
            "terminateAct": {
              "type": "string",
			  "description": "Акт на прекратяване на организацията",
              "minLength": 1
            },
            "terminateActAlt": {
              "type": "string",
			  "description": "Акт на прекратяване на организацията - На английски език",
              "minLength": 1
            },
            "state": {
			  "description": "Статус (3-Модификация/Нов, 6-Заличаване)",
              "type": "number"
			}
          }
        },
        "organizationAdditional": {
          "type": "object",
		  "description": "Допълнителни данни",
          "properties": {
            "activityDescription": {
              "type": "string",
			  "description": "Описание на научната дейност",
              "minLength": 1
            },
            "activityDescriptionAlt": {
              "type": "string",
			  "description": "Описание на научната дейност - На английски език",
              "minLength": 1
            },
            "keyWords": {
              "type": "string",
			  "description": "Ключови думи",
              "minLength": 1
            },
            "keyWordsAlt": {
              "type": "string",
			  "description": "Ключови думи - На английски език",
              "minLength": 1
            },
            "organizationKidCodes": {
              "type": "array",
			  "description": "Област на икономическа дейност",
              "items": {
                "properties": {
                  "kidCode": {
                    "type": "object",
					"description": "Икономическа дейност - Номенклатура: KidCode (API - */api/Organization/Nomenclature/KidCode)",
                    "properties": {
                      "code": {
                        "type": "string",
						"description": "Код",
                        "minLength": 1
                      },
                      "name": {
                        "type": "string",
						"description": "Наименование (не се използва при импорт)",
                        "minLength": 1
                      },
                      "nameAlt": {
                        "type": "string",
						"description": "Наименование - На английски език (не се използва при импорт)",
                        "minLength": 1
                      }
                    }
                  }
                }
              }
            },
            "organizationResearchAreas": {
              "type": "array",
			  "description": "Област на научната дейност",
              "items": {
                "properties": {
                  "researchArea": {
                    "type": "object",
					"description": "Научна област - Номенклатура: ResearchArea (API - */api/Nomenclature/ResearchArea)",
                    "properties": {
                      "code": {
                        "type": "string",
						"description": "Код",
                        "minLength": 1
                      },
                      "name": {
                        "type": "string",
						"description": "Наименование (не се използва при импорт)",
                        "minLength": 1
                      },
                      "nameAlt": {
                        "type": "string",
						"description": "Наименование - На английски език (не се използва при импорт)",
                        "minLength": 1
                      }
                    }
                  }
                }
              }
            },
            "state": {
			  "description": "Статус (3-Модификация/Нов, 6-Заличаване)",
              "type": "number"
			}
          }
        },
        "organizationFinancingInformation": {
          "type": "object",
		  "description": "Финансово-организационна информация",
          "properties": {
            "ownershipType": {
              "type": "object",
			  "description": "Форма на собственост - Номенклатура: OwnershipType (API - */api/Organization/Nomenclature/OwnershipType)",
              "properties": {
                "id": {
                  "type": "number",
				  "description": "Номер"
                },
                "name": {
                  "type": "string",
				  "description": "Наименование (не се използва при импорт)",
                  "minLength": 1
                },
                "nameAlt": {
                  "type": "string",
				  "description": "Наименование - На английски език (не се използва при импорт)",
                  "minLength": 1
                }
              }
            },
            "managementType": {
              "type": "object",
			  "description": "Вид на органа на управление - Номенклатура: ManagementType (API - */api/Organization/Nomenclature/ManagementType)",
              "properties": {
                "id": {
                  "type": "number",
				  "description": "Номер"
                },
                "name": {
                  "type": "string",
				  "description": "Наименование (не се използва при импорт)",
                  "minLength": 1
                },
                "nameAlt": {
                  "type": "string",
				  "description": "Наименование - На английски език (не се използва при импорт)",
                  "minLength": 1
                }
              }
            },
            "sourceOfFunding1": {
              "type": "boolean",
			  "description": "Държавен бюджет"
            },
            "sourceOfFunding2": {
              "type": "boolean",
			  "description": "Собствени приходи от производствена и търговска дейност"
            },
            "sourceOfFunding3": {
              "type": "boolean",
			  "description": "Приходи от такси за обучение"
            },
            "sourceOfFunding4": {
              "type": "boolean",
			  "description": "Приходи от проектна дейност"
            },
            "state": {
			  "description": "Статус (3-Модификация/Нов, 6-Заличаване)",
              "type": "number"
			}
          }
        },
        "equipments": {
          "type": "array",
		  "description": "Специфично оборудване",
          "items": {
            "properties": {
              "name": {
                "type": "string",
				"description": "Наименование на апарата",
                "minLength": 1
              },
              "nameAlt": {
                "type": "string",
				"description": "Наименование на апарата - На английски език",
                "minLength": 1
              },
              "model": {
                "type": "string",
				"description": "Модел",
                "minLength": 1
              },
              "modelAlt": {
                "type": "string",
				"description": "Модел - На английски език",
                "minLength": 1
              },
              "year": {
                "type": "number",
				"description": "Година на производство"
              },
              "areas": {
                "type": "string",
				"description": "Тематични области",
                "minLength": 1
              },
              "areasAlt": {
                "type": "string",
				"description": "Тематични области - На английски език",
                "minLength": 1
              },
              "contact": {
                "type": "string",
				"description": "Лице за контакти относно достъпа до оборудването",
                "minLength": 1
              },
              "contactAlt": {
                "type": "string",
				"description": "Лице за контакти относно достъпа до оборудването - На английски език",
                "minLength": 1
              },
              "number": {
                "type": "string",
				"description": "Номер",
                "minLength": 1
              },
              "state": {
			    "description": "Статус (3-Модификация/Нов, 6-Заличаване)",
                "type": "number"
			  }
              "initialPartId": {
			    "description": "Идентификациония номер на елемента от обстоятеслтвото (не се въвежда за нов)",
                "type": "number"
			  }
            }
          }
        },
        "organizationManagers": {
          "type": "array",
		  "description": "Ръководство",
          "items": {
            "properties": {
              "name": {
                "type": "string",
				"description": "Име, презиме, фамилия",
                "minLength": 1
              },
              "nameAlt": {
                "type": "string",
				"description": "Име, презиме, фамилия - На английски език",
                "minLength": 1
              },
              "position": {
                "type": "string",
				"description": "Позиция",
                "minLength": 1
              },
              "positionAlt": {
                "type": "string",
				"description": "Позиция - На английски език",
                "minLength": 1
              },
              "state": {
			    "description": "Статус (3-Модификация/Нов, 6-Заличаване)",
                "type": "number"
			  }
              "initialPartId": {
			    "description": "Идентификациония номер на елемента от обстоятеслтвото (не се въвежда за нов)",
                "type": "number"
			  }
            }
          }
        },
        "organizationProgramInterests": {
          "type": "array",
		  "description": "Интерес към международни програми",
          "items": {
            "properties": {
              "code": {
                "type": "string",
				"description": "Идентификационен код",
                "minLength": 1
              },
              "programCommit": {
                "type": "object",
				"description": "Програма - Номенклатура: ProgramLot (API - */api/Program/Nomenclature/ProgramLot)",
                "properties": {
                  "number": {
                    "type": "number",
					"description": "Номер на партидата"
                  },
                  "name": {
                    "type": "string",
					"description": "Наименование (не се използва при импорт)",
                    "minLength": 1
                  },
                  "nameAlt": {
                    "type": "string",
					"description": "Наименование - На английски език (не се използва при импорт)",
                    "minLength": 1
                  }
                }
              },
              "programPriorityInitialPartId": {
                "type": "number"
				"description": "Приоритет (номер на приоритет от програмата) - Номенклатура: ProgramPriority (API - */api/Program/Nomenclature/ProgramPriority/{programNumber:int})"
              },
              "state": {
			    "description": "Статус (3-Модификация/Нов, 6-Заличаване)"
                "type": "number"
			  },
              "initialPartId": {
			    "description": "Идентификациония номер на елемента от обстоятеслтвото (не се въвежда за нов)"
                "type": "number"
			  }
            }
          }
        },
		"organizationAccreditedResearchAreas": {
            "type": "array",
            "description": "Акредитирани професионални направления.",
            "default": [],
            "items": {
                "type": "object",
                "description": "Акредитирано професионално направление.",
                "default": {},
                "required": [
                    "researchArea",
                    "isAccredited",
                    "isActive",
                    "state",
                    "initialPartId"
                ],
                "properties": {
                    "researchArea": {
                        "type": "object",
                        "description": "Професионално направление.",
                        "default": {},
                        "properties": {
                            "code": {
                                "type": "string",
                                "description": "Код на професионално направление - промяната се осъществява, чрез него."
                            },
                            "name": {
                                "type": "string",
                                "description": "Наименование - информативно поле."
                            },
                            "nameAlt": {
                                "type": "string",
                                "description": "Наименование на английски - информативно поле."
                            }
                        }
                    },
                    "isAccredited": {
                        "type": "boolean",
                        "description": "Акредитирано.",
                        "default": false
                    },
                    "isActive": {
                        "type": "boolean",
                        "description": "Активно.",
                        "default": false
                    },
                    "createDate": {
                        "type": "string",
                        "description": "Дата на създаване - информативно поле. Генерира се автоматично."
                    },
                    "modifyDate": {
                        "type": "string",
                        "description": "Дата на последна модификация - информативно поле. Генерира се автоматично."
                    },
                    "organizationAccreditedResearchAreaDates": {
                        "type": "array",
                        "description": "Дати на акредитация.",
                        "default": [],
                        "items": {
                            "type": "object",
                            "description": "Дата на акредитация.",
                            "default": {},
                            "properties": {
                                "fromDate": {
                                    "type": "string",
                                    "description": "Дата на акредитация - начална.",
                                    "examples": [
                                        "2020-04-01T00:00:00"
                                    ]
                                },
                                "toDate": {
                                    "type": "string",
                                    "description": "Дата на акредитация - крайна.",
                                    "examples": [
                                        "2020-04-08T00:00:00"
                                    ]
                                }
                            }
                        }
                    },
                    "state": {
						"description": "Статус (3-Модификация/Нов, 6-Заличаване)",
						"type": "number"
					},
					"initialPartId": {
						"description": "Идентификациония номер на елемента от обстоятеслтвото (не се въвежда за нов)",
						"type": "number"
					}
                }
            }
        },
		"organizationSpecialities": {
            "type": "array",
            "description": "Организация - специалности.",
            "default": [],
            "items": {
                "type": "object",
                "description": "Организация - специалност.",
                "default": {},
                "required": [
                    "speciality",
                    "nsiRegion",
                    "educationalForm",
                    "duration",
                    "isAccredited",
                    "isRegulated",
                    "isForCadets",
                    "isActive",
                    "state",
                    "initialPartId"
                ],
                "properties": {
                    "speciality": {
                        "type": "object",
                        "description": "Номенклатура - специалност. Избира се от създадените специалности в номенклатурата.",
                        "default": {},
                        "required": [
                            "code"
                        ],
                        "properties": {
                            "code": {
                                "type": "string",
                                "description": "Код на МОН - смяната на номенклатурата се осъществява чрез кода.",
                                "default": "",
                                "examples": [
                                    "10100043"
                                ]
                            },
                            "name": {
                                "type": "string",
                                "description": "Наименование - информативно поле."
                            },
                            "nameAlt": {
                                "type": "string",
                                "description": "Наименование на английски - информативно поле."
                            }
                        }
                    },
                    "name": {
                        "type": "string",
                        "description": "Име на специалност - информативно поле. Взима се от името на избраната специалност от номенклатурата."
                    },
                    "nsiRegion": {
                        "type": "object",
                        "description": "Детайлна област на образованието спрямо КОО 2015.",
                        "properties": {
                            "code": {
                                "type": "string",
                                "description": "Код на КОО Област - промяната се осъществява, чрез кода"
                            },
                            "name": {
                                "type": "string",
                                "description": "Наименование - информативно поле."
                            },
                            "nameAlt": {
                                "type": "string",
                                "description": "Наименование на английски - информативно поле."
                            }
                        }
                    },
                    "nationalStatisticalInstitute": {
                        "type": "object",
                        "description": "Специалност спрямо КОО 2015.",
                        "properties": {
                            "code": {
                                "type": "string",
                                "description": "Код на специалност спрямо КОО - промяната се осъществява, чрез кода"
                            },
							"forDoctors": {
                                "type": "boolean",
                                "description": "Определя дали да взима от докторските или за висше - по подразбиране е от висше."
                            },
                            "name": {
                                "type": "string",
                                "description": "Наименование - информативно поле."
                            },
                            "nameAlt": {
                                "type": "string",
                                "description": "Наименование на английски - информативно поле."
                            }
                        }
                    },
                    "researchArea": {
                        "type": "object",
                        "description": "Професионално направление - информативно поле. Взима се от ПН на избраната специалност от номенклатурата.",
                        "properties": {
                            "code": {
                                "type": "string",
                                "description": "Код на професионално направление - информативно поле."
                            },
                            "name": {
                                "type": "string",
                                "description": "Наименование - информативно поле."
                            },
                            "nameAlt": {
                                "type": "string",
                                "description": "Наименование на английски - информативно поле."
                            }
                        }
                    },
                    "educationalQualification": {
                        "type": "object",
                        "description": "ОКС/ОНС - информативно поле. Взима се от ОКС/ОНС на избраната специалност от номенклатурата.",
                        "properties": {
                            "id": {
                                "type": "integer",
                                "description": "Идентификационен номер на ОКС/ОНС - информативно поле."
                            },
                            "name": {
                                "type": "string",
                                "description": "Наименование - информативно поле."
                            },
                            "nameAlt": {
                                "type": "string",
                                "description": "Наименование на английски - информативно поле."
                            }
                        }
                    },
                    "educationalForm": {
                        "type": "object",
                        "description": "Форма на обучение.",
                        "default": {},
                        "properties": {
                            "id": {
                                "type": "integer",
                                "description": "Идентификационен номер на формата на обучение - промяната се осъществява, чрез него."
                            },
                            "name": {
                                "type": "string",
                                "description": "Наименование - информативно поле."
                            },
                            "nameAlt": {
                                "type": "string",
                                "description": "Наименование на английски - информативно поле."
                            }
                        }
                    },
                    "duration": {
                        "type": "integer",
                        "description": "Продължителност на обучение."
                    },
                    "isAccredited": {
                        "type": "boolean",
                        "description": "Акредитирана."
                    },
                    "isRegulated": {
                        "type": "boolean",
                        "description": "Регулирана професия."
                    },
                    "isForCadets": {
                        "type": "boolean",
                        "description": "За курсанти/офицери."
                    },
                    "isActive": {
                        "type": "boolean",
                        "description": "Активна."
                    },
                    "codeMON": {
                        "type": "string",
                        "description": "Код на МОН - информативно поле. Взима се от код на МОН от избраната специалност от номенклатурата.",
                        "examples": [
                            "10100043"
                        ]
                    },
                    "createDate": {
                        "type": "string",
                        "description": "Дата на създаване - информативно поле. Генерира се автоматично."
                    },
                    "modifyDate": {
                        "type": "string",
                        "description": "Дата на последна промяна - информативно поле. Генерира се автоматично."
                    },
					"organizationSpecialityLanguages": {
						"type": "array",
						"description": "Езици на преподаване",
						"items": {
							"properties": {
								"language": {
									"type": "object",
									"description": "Език на преподаване",
									"properties": {
										"code": {
											"type": "string",
											"description": "Код",
											"minLength": 1
										},
										"name": {
											"type": "string",
											"description": "Наименование (не се използва при импорт)",
											"minLength": 1
										},
										"nameAlt": {
											"type": "string",
											"description": "Наименование - На английски език (не се използва при импорт)",
											"minLength": 1
										}
									}
								}
							}
						}
					},
                    "organizationSpecialityAccreditedDates": {
                        "type": "array",
                        "description": "Дати на акредитация.",
                        "default": [],
                        "items": {
                            "type": "object",
                            "description": "Дата на акредитация.",
                            "default": {},
                            "properties": {
                                "fromDate": {
                                    "type": "string",
                                    "description": "Дата на акредитация - начална.",
                                    "examples": [
                                        "2020-04-01T00:00:00"
                                    ]
                                },
                                "toDate": {
                                    "type": "string",
                                    "description": "Дата на акредитация - крайна.",
                                    "examples": [
                                        "2020-04-15T00:00:00"
                                    ]
                                }
                            }
                        }
                    },
                    "state": {
						"description": "Статус (3-Модификация/Нов, 6-Заличаване)",
						"type": "number"
					},
					"initialPartId": {
						"description": "Идентификациония номер на елемента от обстоятеслтвото (не се въвежда за нов)",
						"type": "number"
					}
                }
            }
        },
		"organizationSupportStaffs": {
            "type": "array",
            "description": "Друг персонал.",
            "items": {
                "type": "object",
                "description": "Друг персонал - за година.",
                "default": {},
                "required": [
                    "year",
                    "state",
                    "initialPartId"
                ],
                "properties": {
                    "year": {
                        "type": "integer",
                        "description": "Година."
                    },
                    "studentSupportFulltimeCount": {
                        "type": "integer",
                        "description": "Персонал по професионално подпомагане на студентите - пълно работно време."
                    },
                    "studentSupportHalftimeCount": {
                        "type": "integer",
                        "description": "Персонал по професионално подпомагане на студентите - непълно работно време."
                    },
                    "healthAndSocialCareFulltimeCount": {
                        "type": "integer",
                        "description": "Персонал по здравно и социално обслужване - пълно работно време."
                    },
                    "healthAndSocialCareHalftimeCount": {
                        "type": "integer",
                        "description": "Персонал по здравно и социално обслужване - непълно работно време."
                    },
                    "administrativeFulltimeCount": {
                        "type": "integer",
                        "description": "Административен персонал - пълно работно време."
                    },
                    "administrativeHalftimeCount": {
                        "type": "integer",
                        "description": "Административен персонал - непълно работно време."
                    },
                    "supportFulltimeCount": {
                        "type": "integer",
                        "description": "Друг персонал - пълно работно време."
                    },
                    "supportHalftimeCount": {
                        "type": "integer",
                        "description": "Друг персонал - непълно работно време."
                    },
                    "state": {
						"description": "Статус (3-Модификация/Нов, 6-Заличаване)",
						"type": "number"
					},
					"initialPartId": {
						"description": "Идентификациония номер на елемента от обстоятеслтвото (не се въвежда за нов)",
						"type": "number"
					}
                }
            }
        }
    },
	"projectDtos": {
      "type": "array",
      "items": {
        "type": "object",
        "properties": {
          "projectLotNumber": {
            "type": "integer",
            "description": "Номер на проекта - Номенклатура: ProjectLot (Api - *api/Project/Nomenclature/ProjectLot)",
            "examples": [
              2405945
            ]
          },
          "projectBasic": {
            "type": "object",
            "properties": {
              "organizationCommit": {
                "type": "object",
                "properties": {
                  "number": {
                    "type": "integer",
                    "description": "Номер на организация в РНД - Номенклатура: OrganizationLot (Api - *api/Organization/Nomenclature/OrganizationLot)",
                    "examples": [
                      992
                    ]
                  },
                  "name": {
                    "type": "string",
                    "description": "Наименование на организация",
                    "examples": [
                      "Тестова Организация"
                    ]
                  },
                  "nameAlt": {
                    "type": "string",
                    "description": "Наименование на организация - На английски",
                    "examples": [
                      "Test Organization"
                    ]
                  }
                }
              },
              "isRND": {
                "type": "boolean",
                "description": "Вписан в РНД ръководител",
                "default": true,
                "examples": [
                  true
                ]
              },
              "scientistCommit": {
                "type": "object",
                "properties": {
                  "number": {
                    "type": "integer",
                    "description": "Номер на учен в РНД - Номенклатура: ScientistLot (Api - *api/Scientist/Nomenclature/ScientistLot)",
                    "examples": [
                      992
                    ]
                  },
                  "name": {
                    "type": "string",
                    "description": "Име на учен",
                    "examples": [
                      "Стефан Кирилов Петров"
                    ]
                  },
                  "nameAlt": {
                    "type": "string",
                    "description": "Име на учен - На английски",
                    "examples": [
                      "Stefan Kirilov Petrov"
                    ]
                  }
                }
              },
              "supervisor": {
                "type": "string",
                "description": "Наименование на ръководител, ако е извън РНД",
                "examples": [
                  "Име на ръководител извън РНД"
                ]
              },
              "supervisorAlt": {
                "type": "string",
                "description": "Наименование на ръководител, ако е извън РНД - На английски",
                "examples": [
                  "Scientist name out of RIS"
                ]
              },
              "organizationalSubdivision": {
                "type": "string",
                "description": "Организационно подразделение, отговорно за изпълнението",
                "examples": [
                  "Подразделение"
                ]
              },
              "organizationalSubdivisionAlt": {
                "type": "string",
                "description": "Организационно подразделение, отговорно за изпълнението - На английски",
                "examples": [
                  "Subdivision"
                ]
              },
              "name": {
                "type": "string",
                "description": "Наименование на проекта",
                "examples": [
                  "Тестов проект"
                ]
              },
              "nameAlt": {
                "type": "string",
                "description": "Наименование на проекта - На английски",
                "examples": [
                  "Test project"
                ]
              },
              "startDate": {
                "type": "string",
                "description": "Срок за осъществяване - начална дата",
                "examples": [
                  "2018-01-01"
                ]
              },
              "endDate": {
                "type": "string",
                "description": "Срок за осъществяване - крайна дата",
                "examples": [
                  "2018-01-17"
                ]
              },
              "description": {
                "type": "string",
                "description": "Кратко описание",
                "examples": [
                  "Описание"
                ]
              },
              "descriptionAlt": {
                "type": "string",
                "description": "Кратко описание - На английски",
                "examples": [
                  "Description"
                ]
              },
              "keyWords": {
                "type": "string",
                "description": "Ключови думи",
                "examples": [
                  "Ключови думи"
                ]
              },
              "keyWordsAlt": {
                "type": "string",
                "description": "Ключови думи - На английски",
                "examples": [
                  "Keywords"
                ]
              },
              "resultDescription": {
                "type": "string",
                "description": "Кратко описание на очакваните резултати",
                "examples": [
                  "Описание на резултати"
                ]
              },
              "resultDescriptionAlt": {
                "type": "string",
                "description": "Кратко описание на очакваните резултати - На английски",
                "examples": [
                  "Result description"
                ]
              },
              "projectType": {
                "type": "object",
                "properties": {
                  "id": {
                    "type": "integer",
                    "description": "Тип на проекта - Номенклатура: ProjectType (Api - *api/Project/Nomenclature/ProjectType)",
                    "examples": [
                      1
                    ]
                  },
                  "name": {
                    "type": "string",
                    "description": "Наименование на тип на проекта",
                    "examples": [
                      "Национален"
                    ]
                  },
                  "nameAlt": {
                    "type": "string",
                    "description": "Наименование на тип на проекта - На английски",
                    "examples": [
                      "National"
                    ]
                  }
                }
              },
              "projectResearchAreas": {
                "type": "array",
                "items": {
                  "type": "object",
                  "properties": {
                    "researchArea": {
                    "type": "object",
					"description": "Научна област - Номенклатура: ResearchArea (API - */api/Nomenclature/ResearchArea)",
                    "properties": {
                      "code": {
                        "type": "string",
						"description": "Код",
                        "minLength": 1
                      },
                      "name": {
                        "type": "string",
						"description": "Наименование (не се използва при импорт)",
                        "minLength": 1
                      },
                      "nameAlt": {
                        "type": "string",
						"description": "Наименование - На английски език (не се използва при импорт)",
                        "minLength": 1
                      }
                    }
                  }
                  }
                }
              },
              "state": {
                "description": "Статус (3-Модификация/Нов)"
                "type": "number",
                "examples": [
                  4
                ]
              }
            },
			"required":[
               "name",
               "nameAlt",
               "organizationCommit"
            ]
          },
          "projectPartnerOrganizations": {
            "type": "array",
            "items": {
              "type": "object",
              "properties": {
                "organizationRndType": {
                  "type": "integer",
                  "description": "0 - Извън РНД; 1 - в РНД; 2 - ВАК",
                  "examples": [
                    1
                  ]
                },
                "organizationCommit": {
                "type": "object",
                "properties": {
                  "number": {
                    "type": "integer",
                    "description": "Номер на организация в РНД - Номенклатура: OrganizationLot (Api - *api/Organization/Nomenclature/OrganizationLot)",
                    "examples": [
                      992
                    ]
                  },
                  "name": {
                    "type": "string",
                    "description": "Наименование на организация",
                    "examples": [
                      "Тестова Организация"
                    ]
                  },
                  "nameAlt": {
                    "type": "string",
                    "description": "Наименование на организация - На английски",
                    "examples": [
                      "Test Organization"
                    ]
                  }
                }
              },
                "partnerOrganization": {
                  "type": "string",
                  "description": "Наименование на организацията, ако е извън РНД",
                  "examples": [
                    "Име на организация извън РНД"
                  ]
                },
                "partnerOrganizationAlt": {
                  "type": "string",
                  "title": "Наименование на организацията, ако е извън РНД - На английски",
                  "default": "",
                  "examples": [
                    "Organization name out of RIS"
                  ]
                },
                "position": {
                  "type": "string",
                  "description": "Позиция",
                  "examples": [
                    "Позиция"
                  ]
                },
                "positionAlt": {
                  "type": "string",
                  "description": "Позиция - На английски",
                  "examples": [
                    "Position"
                  ]
                },
                "state": {
					"description": "Статус (3-Модификация/Нов, 6-Заличаване)",
					"type": "number"
				},
				"initialPartId": {
					"description": "Идентификациония номер на елемента от обстоятеслтвото (не се въвежда за нов)",
					"type": "number"
				}
              }
            }
          },
          "projectPartnerScientists": {
            "type": "array",
            "items": {
              "type": "object",
              "properties": {
                "isRND": {
                  "type": "boolean",
                  "description": "0 - извън РНД; 1 - вписан в РНД",
                  "examples": [
                    true
                  ]
                },
                "scientistCommit": {
					"type": "object",
					"properties": {
					"number": {
						"type": "integer",
						"description": "Номер на учен в РНД - Номенклатура: ScientistLot (Api - *api/Scientist/Nomenclature/ScientistLot)",
						"examples": [
						992
						]
					},
					"name": {
						"type": "string",
						"description": "Име на учен",
						"examples": [
						"Стефан Кирилов Петров"
						]
					},
					"nameAlt": {
						"type": "string",
						"description": "Име на учен - На английски",
						"examples": [
						"Stefan Kirilov Petrov"
						]
					}
					}
				},
                "partnerScientist": {
                  "type": "string",
                  "description": "Наименование на учен, ако е извън РНД",
                  "examples": [
                    "Име на лице извън РНД"
                  ]
                },
                "partnerScientistAlt": {
                  "type": "string",
                  "description": "Наименование на учен, ако е извън РНД - На английски",
                  "examples": [
                    "Scientist name out of RIS"
                  ]
                },
                "position": {
                  "type": "string",
                  "description": "Позиция",
                  "examples": [
                    "Позиция"
                  ]
                },
                "positionAlt": {
                  "type": "string",
                  "description": "Позиция - На английски",
                  "examples": [
                    "Position"
                  ]
                },
                "state": {
					"description": "Статус (3-Модификация/Нов, 6-Заличаване)",
					"type": "number"
				},
				"initialPartId": {
					"description": "Идентификациония номер на елемента от обстоятеслтвото (не се въвежда за нов)",
					"type": "number"
				}
              }
            }
          },
          "projectTeamScientists": {
            "type": "array",
            "items": {
              "type": "object",
              "properties": {
                "isRND": {
                  "type": "boolean",
                  "description": "0 - извън РНД; 1 - в РНД",
                  "examples": [
                    true
                  ]
                },
                "scientistCommit": {
					"type": "object",
					"properties": {
					"number": {
						"type": "integer",
						"description": "Номер на учен в РНД - Номенклатура: ScientistLot (Api - *api/Scientist/Nomenclature/ScientistLot)",
						"examples": [
						992
						]
					},
					"name": {
						"type": "string",
						"description": "Име на учен",
						"examples": [
						"Стефан Кирилов Петров"
						]
					},
					"nameAlt": {
						"type": "string",
						"description": "Име на учен - На английски",
						"examples": [
						"Stefan Kirilov Petrov"
						]
					}
				  }
				},
                "teamScientist": {
                  "type": "string",
                  "description": "Име на учен, ако е извън РНД",
                  "examples": [
                    "Име на лице извън РНД"
                  ]
                },
                "teamScientistAlt": {
                  "type": "string",
                  "description": "Име на учен, ако е извън РНД - На английски",
                  "examples": [
                    "Scientist name out of RIS"
                  ]
                },
                "position": {
                  "type": "string",
                  "description": "Позиция",
                  "examples": [
                    "Позиция"
                  ]
                },
                "positionAlt": {
                  "type": "string",
                  "description": "Позиция - На английски",
                  "examples": [
                    "Position"
                  ]
                },
                "state": {
					"description": "Статус (3-Модификация/Нов, 6-Заличаване)",
					"type": "number"
				},
				"initialPartId": {
					"description": "Идентификациония номер на елемента от обстоятеслтвото (не се въвежда за нов)",
					"type": "number"
				}
              }
            }
          },
          "projectFinancingInformation": {
            "type": "object",
            "properties": {
              "primaryFinancingBudget": {
                "type": "integer",
                "description": "Основно финансиране - бюджет",
                "examples": [
                  500000
                ]
              },
              "primaryFinancingOrganization": {
                "type": "string",
                "description": "Основно финансиране - финансираща организация",
                "examples": [
                  "Финансираща организация"
                ]
              },
              "primaryFinancingOrganizationAlt": {
                "type": "string",
                "description": "Основно финансиране - финансираща организация - На английски",
                "examples": [
                  "Financing organization"
                ]
              },
              "additionalFinancingBudget": {
                "type": "integer",
                "description": "Допълнително финансиране - бюджет",
                "examples": [
                  100000
                ]
              },
              "additionalFinancingOrganization": {
                "type": "string",
                "description": "Допълнително финансиране - финансираща организация",
                "examples": [
                  "Допълнителна финансираща организация"
                ]
              },
              "additionalFinancingOrganizationAlt": {
                "type": "string",
                "description": "Допълнително финансиране - финансираща организация - На английски",
                "examples": [
                  "Additional financing organization"
                ]
              },
              "isProgramPrimaryFinancingRND": {
                "type": "boolean",
                "description": "Финансираща програма – основно финансиране в РНД",
                "examples": [
                  true
                ]
              },
              "programCommitPrimaryFinancing": {
                "type": "object",
				"description": "Финансираща програма – основно финансиране"
                "properties": {
                  "number": {
                    "type": "integer",
                    "description": "Номер на програма - Номенклатура: ProgramLot (Api - *api/Program/Nomenclature/ProgramLot)",
                    "examples": [
                      4
                    ]
                  },
                  "name": {
                    "type": "string",
                    "description": "Наименование на програма",
                    "examples": [
                      "Европейско сътрудничество в областта на научните и техническите изследвания /COST/"
                    ]
                  },
                  "nameAlt": {
                    "type": "string",
                    "description": "Наименование на програма - На английски",
                    "examples": [
                      "COST"
                    ]
                  }
                }
              },
              "primaryProgram": {
                "type": "string",
                "description": "Наименование на финансираща програма – основно финансиране, ако е извън РНД",
                "examples": [
                  "Финансираща програма – основно финансиране извън РНД"
                ]
              },
              "primaryProgramAlt": {
                "type": "string",
                "description": "Наименование на финансираща програма – основно финансиране, ако е извън РНД - На английски",
                "examples": [
                  "Out of RIS"
                ]
              },
              "primaryProgramInfo": {
                "type": "string",
                "description": "Финансираща програма – основно финансиране - данни",
                "examples": [
                  "Данни"
                ]
              },
              "isProgramAdditionalFinancingRND": {
                "type": "boolean",
                "description": "description": "Финансираща програма – допълнително финансиране в РНД",
                "examples": [
                  true
                ]
              },
              "programCommitAdditionalFinancing": {
                "type": "object",
				"description": "Финансираща програма – допълнително финансиране"
                "properties": {
                  "number": {
                    "type": "integer",
                    "description": "Номер на програма - Номенклатура: ProgramLot (Api - *api/Program/Nomenclature/ProgramLot)",
                    "examples": [
                      4
                    ]
                  },
                  "name": {
                    "type": "string",
                    "description": "Наименование на програма",
                    "examples": [
                      "Европейско сътрудничество в областта на научните и техническите изследвания /COST/"
                    ]
                  },
                  "nameAlt": {
                    "type": "string",
                    "description": "Наименование на програма - На английски",
                    "examples": [
                      "COST"
                    ]
                  }
                }
              },
              "additionalProgram": {
                "type": "string",
                "description": "Наименование на Финансираща програма – допълнително финансиране, ако е извън РНД",
                "examples": [
                  "Финансираща програма – допълнително финансиране"
                ]
              },
              "additionalProgramAlt": {
                "type": "string",
                "description": "Наименование на Финансираща програма – допълнително финансиране, ако е извън РНД - На английски",
                "examples": [
                  "Out of RIS"
                ]
              },
              "additionalProgramInfo": {
                "type": "string",
                "description": "Финансираща програма – допълнително финансиране - данни",
                "examples": [
                  "Данни"
                ]
              },
              "isCompetitionPrimaryFinancingRND": {
                "type": "boolean",
                "description": "Финансиращ конкурс - основно финансиране в РНД",
                "examples": [
                  true
                ]
              },
              "competitionCommitPrimaryFinancing": {
                "type": "object",
				"description": "Финансиращ конкурс – основно финансиране",
                "properties": {
                  "number": {
                    "type": "integer",
                    "description": "Номер на конкурс - Номенкатура: CompetitionLot (Api - *api/Competition/Nomenclature/CompetitionLot)",
                    "examples": [
                      3
                    ]
                  },
                  "name": {
                    "type": "string",
                    "description": "Наименование на конкурс",
                    "examples": [
                      "Покана за кандидатстване в Процедура за предоставяне на национално съфинансиране за участие на български колективи в утвърдени акции по Европейската програма за сътрудничество в областта на научните изследвания и технологии COST"
                    ]
                  },
                  "nameAlt": {
                    "type": "string",
                    "description": "Наименование на конкурс - На английски",
                    "examples": [
                      "Покана за кандидатстване в Процедура за предоставяне на национално съфинансиране за участие на български колективи в утвърдени акции по Европейската програма за сътрудничество в областта на научните изследвания и технологии COST"
                    ]
                  }
                }
              },
              "primaryCompetition": {
                "type": "string",
                "description": "Наименование на финансиращ конкурс – основно финансиране, ако е извън РНД",
                "examples": [
                  "Финансиращ конкурс – основно финансиране извън РНД"
                ]
              },
              "primaryCompetitionAlt": {
                "type": "string",
                "description": "Наименование на финансиращ конкурс – основно финансиране, ако е извън РНД - На английски",
                "examples": [
                  "Out of RIS"
                ]
              },
              "primaryCompetitionInfo": {
                "type": "string",
                "description": "Финансиращ конкурс – основно финансиране - данни",
                "examples": [
                  "Данни"
                ]
              },
              "isCompetitionAdditionalFinancingRND": {
                "type": "boolean",
                "description": "Финансиращ конкурс – допълнително финансиране в РНД",
                "examples": [
                  true
                ]
              },
              "competitionCommitAdditionalFinancing": {
                "type": "object",
				"description": "Финансиращ конкурс – допълнително финансиране"
                "properties": {
                  "number": {
                    "type": "integer",
                    "description": "Номер на конкурс - Номенклатура: CompetitionLot (Api - */api/Competition/Nomenclature/CompetitionLot)",
                    "examples": [
                      4
                    ]
                  },
                  "name": {
                    "type": "string",
                    "description": "Наименование на конкурс",
                    "examples": [
                      "Конкурси за програми ЕРА-НЕТ и други международни конкурси"
                    ]
                  },
                  "nameAlt": {
                    "type": "string",
                    "description": "Наименование на конкурс - На английски",
                    "examples": [
                      "Конкурси за програми ЕРА-НЕТ и други международни конкурси"
                    ]
                  }
                }
              },
              "additionalCompetition": {
                "type": "string",
                "description": "Наименование на Финансиращ конкурс – допълнително финансиране, ако е извън РНД",
                "examples": [
                  "Финансиращ конкурс допълнително финансиране"
                ]
              },
              "additionalCompetitionAlt": {
                "type": "string",
                "description": "Наименование на Финансиращ конкурс – допълнително финансиране, ако е извън РНД - На английски",
                "examples": [
                  "Out of RIS"
                ]
              },
              "additionalCompetitionInfo": {
                "type": "string",
                "description": "Финансиращ конкурс – допълнително финансиране - данни",
                "examples": [
                  "Данни"
                ]
              },
              "state": {
				"description": "Статус (3-Модификация/Нов, 6-Заличаване)",
				"type": "number"
			  }
            }
          }
        }
      }
    }
  }
}