{
  "organizationLotNumber": 992,
  "organizationDto": {
    "organizationBasic": {
      "uic": "0000000000",
      "name": "Тестова Организация",
      "nameAlt": "Test Organization",
      "shortName": "Кратко Наименование",
      "shortNameAlt": "Short Name",
      "isActive": true,
      "isRND": true,
      "organizationCommit": null
      "subordination": "Извън РНД",
      "subordinationAlt": "Not in RND",
	  "organizationType": {
        "id": 3,
        "name": "Фирма",
        "nameAlt": "Firm"
      },
      "state": 4
    },
    "organizationCorrespondence": {
      "isForeign": false,
      "country": null,
      "district": {
        "code": "KNL",
        "name": "Кюстендил",
        "nameAlt": "Kyustendil"
      },
      "municipality": {
        "code": "KNL29",
        "name": "Кюстендил",
        "nameAlt": "Kyustendil"
      },
      "settlement": {
        "code": "41112",
        "name": "гр.Кюстендил",
        "nameAlt": "гр.Кюстендил"
      },
      "foreignSettlement": null,
      "foreignSettlementAlt": null,
      "address": "Адрес",
      "addressAlt": "Address",
      "phone": "0878787878",
      "fax": "555-444-333",
      "email": "email@gmail.com",
      "webPageUrl": "www.testorganization.com",
      "state": 4
    },
    "organizationOther": {
      "creationAct": "Създаване",
      "creationActAlt": "Create",
      "changeAct": "Промяна",
      "changeActAlt": "Change",
      "terminateAct": "Прекратяване",
      "terminateActAlt": "Terminate",
      "state": 4
    },
    "organizationAdditional": {
      "activityDescription": "Описание",
      "activityDescriptionAlt": "Description",
      "keyWords": "Ключови думи",
      "keyWordsAlt": "Keywords",
      "organizationKidCodes": [
        {
          "kidCode": {
            "code": "08.93",
            "name": "Добив на сол",
            "nameAlt": "Добив на сол"
          }
        }
      ],
      "organizationResearchAreas": [
        {
          "researchArea": {
            "code": "2.2.",
            "name": "История и археология",
            "nameAlt": "History and Archeology"
          }
        },
        {
          "researchArea": {
            "code": "2.3.",
            "name": "Философия",
            "nameAlt": "Philosophy"
          }
        }
      ],
      "state": 4
    },
    "organizationFinancingInformation": {
      "ownershipType": {
        "id": 1,
        "name": "Държавна",
        "nameAlt": "State"
      },
      "managementType": {
        "id": 1,
        "name": "Общо събрание",
        "nameAlt": "General Assembly"
      },
      "sourceOfFunding1": true,
      "sourceOfFunding2": false,
      "sourceOfFunding3": false,
      "sourceOfFunding4": false,
      "state": 4
    },
    "equipments": [
      {
        "name": "Наименование",
        "nameAlt": "Name",
        "model": "Модел",
        "modelAlt": "Model",
        "year": 2010,
        "areas": "Област",
        "areasAlt": "Research Area",
        "contact": "Лице за контакти",
        "contactAlt": "Contact Person",
        "number": "1234",
        "state": 4,
        "initialPartId": 476
      }
    ],
    "organizationManagers": [
      {
        "name": "Стоян Методиев Кирилов",
        "nameAlt": "Stoyan Metodiev Kirilov",
        "position": "Директор",
        "positionAlt": "Director",
        "state": 4,
        "initialPartId": 331
      }
    ],
    "organizationProgramInterests": [
      {
        "code": "111",
        "programCommit": {
          "number": 1,
          "name": "Пета рамкова програма",
          "nameAlt": "Fifth Framework Programme"
        },
        "programPriorityInitialPartId": 1,
        "state": 4,
        "initialPartId": 618
      },
      {
        "code": "222",
        "programCommit": {
          "number": 2,
          "name": "Шеста рамкова програма",
          "nameAlt": "Sixth Framework Programme"
        },
        "programPriorityInitialPartId": 26,
        "state": 4,
        "initialPartId": 619
      }
    ],
	"organizationAccreditedResearchAreas": [
      {
        "researchArea": {
          "code": "1.1.",
          "name": "Теория и управление на образованието",
          "nameAlt": "Theory and management of"
        },
        "isAccredited": true,
        "isActive": true,
        "createDate": "2020-04-06T08:42:12.927785",
        "modifyDate": null,
        "organizationAccreditedResearchAreaDates": [
          {
            "fromDate": "2020-04-01T00:00:00",
            "toDate": "2020-04-08T00:00:00"
          }
        ],
        "state": 4,
        "initialPartId": 2690
      }
    ],
	"organizationSpecialities": [
      {
        "speciality": {
          "code": "10100043",
          "name": "Лингводидактика",
          "nameAlt": "Лингводидактика"
        },
        "name": "Лингводидактика",
        "nsiRegion": {
          "code": "0111",
          "name": "Науки за образованието ",
          "nameAlt": ""
        },
        "nationalStatisticalInstitute": {
          "code": "0111040",
          "name": "Педагогика и образователен мениджмънт",
          "nameAlt": ""
        },
        "researchArea": {
          "code": "1.1.",
          "name": "Теория и управление на образованието",
          "nameAlt": "Theory and management of"
        },
        "educationalQualification": {
          "id": 4,
          "name": "Магистър с прием след завършено висше образование",
          "nameAlt": "Магистър с прием след завършено висше образование"
        },
        "educationalForm": {
          "id": 1,
          "name": "Редовна",
          "nameAlt": "Редовна"
        },
        "duration": 4,
        "isAccredited": true,
        "isRegulated": false,
        "isForCadets": false,
        "isActive": true,
        "codeMON": "10100043",
        "createDate": "2020-04-06T08:42:58.7910336",
        "modifyDate": null,
		"organizationSpecialityLanguages": [
          {
            "language": {
              "code": "BG",
              "name": "Български",
              "nameAlt": "Bulgarian"
            }
          },
          {
            "language": {
              "code": "AY",
              "name": "Аймара (Боливия, Перу)",
              "nameAlt": "Aymara"
            }
          }
        ],
        "organizationSpecialityAccreditedDates": [
          {
            "fromDate": "2020-04-01T00:00:00",
            "toDate": "2020-04-15T00:00:00"
          }
        ],
        "state": 4,
        "initialPartId": 38398
      }
    ],
	"organizationSupportStaffs": [
      {
        "year": 2019,
        "studentSupportFulltimeCount": 1,
        "studentSupportHalftimeCount": 2,
        "healthAndSocialCareFulltimeCount": 3,
        "healthAndSocialCareHalftimeCount": 4,
        "administrativeFulltimeCount": 5,
        "administrativeHalftimeCount": 6,
        "supportFulltimeCount": 7,
        "supportHalftimeCount": 8,
        "state": 4,
        "initialPartId": 1
      }
    ]
  },
  "projectDtos": [{
		"projectLotNumber": 2405945,
		"projectBasic": {
			"organizationCommit": {
				"number": 992,
				"name": "Тестова Организация",
				"nameAlt": "Test Organization"
			},
			"isRND": false,
			"scientistCommit": null,
			"supervisor": "Име на ръководител извън РНД",
			"supervisorAlt": "Scientist name out of RIS",
			"organizationalSubdivision": "Подразделение",
			"organizationalSubdivisionAlt": "Subdivision",
			"name": "Тестов проект",
			"nameAlt": "Test project",
			"startDate": "2018-01-01T00:00:00",
			"endDate": "2018-01-17T00:00:00",
			"description": "Описание",
			"descriptionAlt": "Description",
			"keyWords": "Ключови думи",
			"keyWordsAlt": "Keywords",
			"resultDescription": "Описание на резултати",
			"resultDescriptionAlt": "Result description",
			"projectType": {
				"id": 1,
				"name": "Национален",
				"nameAlt": "Национален"
			},
			"projectResearchAreas": [{
				"researchArea": null
			}],
			"state": 4
		},
		"projectPartnerOrganizations": [{
			"organizationRndType": 1,
			"organizationCommit": {
				"number": 992,
				"name": "Тестова Организация",
				"nameAlt": "Test Organization"
			},
			"partnerOrganization": "Име на организация извън РНД",
			"partnerOrganizationAlt": "Organization name out of RIS",
			"position": "Позиция",
			"positionAlt": "Position",
			"state": 4,
			"initialPartId": 739
		}],
		"projectPartnerScientists": [{
			"isRND": true,
			"scientistCommit": {
				"number": 5257,
				"name": "Август Йорданов Иванов ",
				"nameAlt": "August Jordanov Ivanov "
			},
			"partnerScientist": "Име на лице извън РНД",
			"partnerScientistAlt": "Scientist name out of RIS",
			"position": "Позиция",
			"positionAlt": "Position",
			"state": 4,
			"initialPartId": 42
		}],
		"projectTeamScientists": [{
			"isRND": true,
			"scientistCommit": {
				"number": 40090,
				"name": "Стефан Петров Киров",
				"nameAlt": "Stefan Petrov Kirov"
			},
			"teamScientist": "Име на лице извън РНД",
			"teamScientistAlt": "Scientist name out of RIS",
			"position": "Позиция",
			"positionAlt": "Position",
			"state": 4,
			"initialPartId": 862
		}],
		"projectFinancingInformation": {
			"primaryFinancingBudget": 500000,
			"primaryFinancingOrganization": "Финансираща организация",
			"primaryFinancingOrganizationAlt": "Financing organization",
			"additionalFinancingBudget": 100000,
			"additionalFinancingOrganization": "Допълнителна финансираща организация",
			"additionalFinancingOrganizationAlt": "Additional financing organization",
			"isProgramPrimaryFinancingRND": true,
			"programCommitPrimaryFinancing": {
				"number": 4,
				"name": "Европейско сътрудничество в областта на научните и техническите изследвания /COST/",
				"nameAlt": "COST"
			},
			"primaryProgram": "Финансираща програма – основно финансиране извън РНД",
			"primaryProgramAlt": "Out of RIS",
			"primaryProgramInfo": "Данни",
			"isProgramAdditionalFinancingRND": true,
			"programCommitAdditionalFinancing": {
				"number": 4,
				"name": "Европейско сътрудничество в областта на научните и техническите изследвания /COST/",
				"nameAlt": "COST"
			},
			"additionalProgram": "Финансираща програма – допълнително финансиране",
			"additionalProgramAlt": "Out of RIS",
			"additionalProgramInfo": "Данни",
			"isCompetitionPrimaryFinancingRND": true,
			"competitionCommitPrimaryFinancing": {
				"number": 3,
				"name": "Покана за кандидатстване в Процедура за предоставяне на национално съфинансиране за участие на български колективи в утвърдени акции по Европейската програма за сътрудничество в областта на научните изследвания и технологии COST",
				"nameAlt": "Покана за кандидатстване в Процедура за предоставяне на национално съфинансиране за участие на български колективи в утвърдени акции по Европейската програма за сътрудничество в областта на научните изследвания и технологии COST"
			},
			"primaryCompetition": "Финансиращ конкурс – основно финансиране извън РНД",
			"primaryCompetitionAlt": "Out of RIS",
			"primaryCompetitionInfo": "Данни",
			"isCompetitionAdditionalFinancingRND": true,
			"competitionCommitAdditionalFinancing": {
				"number": 4,
				"name": "Конкурси за програми ЕРА-НЕТ и други международни конкурси",
				"nameAlt": "Конкурси за програми ЕРА-НЕТ и други международни конкурси"
			},
			"additionalCompetition": "Финансиращ конкурс допълнително финансиране",
			"additionalCompetitionAlt": "Out of RIS",
			"additionalCompetitionInfo": "Данни",
			"state": 4
		}
	}]
}